Copyright 1986-2018 Xilinx, Inc. All Rights Reserved.
-----------------------------------------------------------------------------------------------------------------------------------------------------------------------------------
| Tool Version : Vivado v.2018.3 (win64) Build 2405991 Thu Dec  6 23:38:27 MST 2018
| Date         : Thu Nov 14 09:28:34 2024
| Host         : WIN-H8ULN2I4VKL running 64-bit major release  (build 9200)
| Command      : report_timing_summary -max_paths 10 -file II_4_timing_summary_routed.rpt -pb II_4_timing_summary_routed.pb -rpx II_4_timing_summary_routed.rpx -warn_on_violation
| Design       : II_4
| Device       : 7a35t-cpg236
| Speed File   : -1  PRODUCTION 1.23 2018-06-13
-----------------------------------------------------------------------------------------------------------------------------------------------------------------------------------

Timing Summary Report

------------------------------------------------------------------------------------------------
| Timer Settings
| --------------
------------------------------------------------------------------------------------------------

  Enable Multi Corner Analysis               :  Yes
  Enable Pessimism Removal                   :  Yes
  Pessimism Removal Resolution               :  Nearest Common Node
  Enable Input Delay Default Clock           :  No
  Enable Preset / Clear Arcs                 :  No
  Disable Flight Delays                      :  No
  Ignore I/O Paths                           :  No
  Timing Early Launch at Borrowing Latches   :  false

  Corner  Analyze    Analyze    
  Name    Max Paths  Min Paths  
  ------  ---------  ---------  
  Slow    Yes        Yes        
  Fast    Yes        Yes        



check_timing report

Table of Contents
-----------------
1. checking no_clock
2. checking constant_clock
3. checking pulse_width_clock
4. checking unconstrained_internal_endpoints
5. checking no_input_delay
6. checking no_output_delay
7. checking multiple_clock
8. checking generated_clocks
9. checking loops
10. checking partial_input_delay
11. checking partial_output_delay
12. checking latch_loops

1. checking no_clock
--------------------
 There are 20 register/latch pins with no clock driven by root clock pin: vga_sync/clock_devider/counter_reg[1]/Q (HIGH)


2. checking constant_clock
--------------------------
 There are 0 register/latch pins with constant_clock.


3. checking pulse_width_clock
-----------------------------
 There are 0 register/latch pins which need pulse_width check


4. checking unconstrained_internal_endpoints
--------------------------------------------
 There are 50 pins that are not constrained for maximum delay. (HIGH)

 There are 0 pins that are not constrained for maximum delay due to constant clock.


5. checking no_input_delay
--------------------------
 There are 3 input ports with no input delay specified. (HIGH)

 There are 0 input ports with no input delay but user has a false path constraint.


6. checking no_output_delay
---------------------------
 There are 16 ports with no output delay specified. (HIGH)

 There are 0 ports with no output delay but user has a false path constraint

 There are 0 ports with no output delay but with a timing clock defined on it or propagating through it


7. checking multiple_clock
--------------------------
 There are 0 register/latch pins with multiple clocks.


8. checking generated_clocks
----------------------------
 There are 0 generated clocks that are not connected to a clock source.


9. checking loops
-----------------
 There are 0 combinational loops in the design.


10. checking partial_input_delay
--------------------------------
 There are 0 input ports with partial input delay specified.


11. checking partial_output_delay
---------------------------------
 There are 0 ports with partial output delay specified.


12. checking latch_loops
------------------------
 There are 0 combinational latch loops in the design through latch input



------------------------------------------------------------------------------------------------
| Design Timing Summary
| ---------------------
------------------------------------------------------------------------------------------------

    WNS(ns)      TNS(ns)  TNS Failing Endpoints  TNS Total Endpoints      WHS(ns)      THS(ns)  THS Failing Endpoints  THS Total Endpoints     WPWS(ns)     TPWS(ns)  TPWS Failing Endpoints  TPWS Total Endpoints  
    -------      -------  ---------------------  -------------------      -------      -------  ---------------------  -------------------     --------     --------  ----------------------  --------------------  
      0.910        0.000                      0                  683        0.044        0.000                      0                  683        4.500        0.000                       0                   187  


All user specified timing constraints are met.


------------------------------------------------------------------------------------------------
| Clock Summary
| -------------
------------------------------------------------------------------------------------------------

Clock        Waveform(ns)       Period(ns)      Frequency(MHz)
-----        ------------       ----------      --------------
sys_clk_pin  {0.000 5.000}      10.000          100.000         


------------------------------------------------------------------------------------------------
| Intra Clock Table
| -----------------
------------------------------------------------------------------------------------------------

Clock             WNS(ns)      TNS(ns)  TNS Failing Endpoints  TNS Total Endpoints      WHS(ns)      THS(ns)  THS Failing Endpoints  THS Total Endpoints     WPWS(ns)     TPWS(ns)  TPWS Failing Endpoints  TPWS Total Endpoints  
-----             -------      -------  ---------------------  -------------------      -------      -------  ---------------------  -------------------     --------     --------  ----------------------  --------------------  
sys_clk_pin         0.910        0.000                      0                  683        0.044        0.000                      0                  683        4.500        0.000                       0                   187  


------------------------------------------------------------------------------------------------
| Inter Clock Table
| -----------------
------------------------------------------------------------------------------------------------

From Clock    To Clock          WNS(ns)      TNS(ns)  TNS Failing Endpoints  TNS Total Endpoints      WHS(ns)      THS(ns)  THS Failing Endpoints  THS Total Endpoints  
----------    --------          -------      -------  ---------------------  -------------------      -------      -------  ---------------------  -------------------  


------------------------------------------------------------------------------------------------
| Other Path Groups Table
| -----------------------
------------------------------------------------------------------------------------------------

Path Group    From Clock    To Clock          WNS(ns)      TNS(ns)  TNS Failing Endpoints  TNS Total Endpoints      WHS(ns)      THS(ns)  THS Failing Endpoints  THS Total Endpoints  
----------    ----------    --------          -------      -------  ---------------------  -------------------      -------      -------  ---------------------  -------------------  


------------------------------------------------------------------------------------------------
| Timing Details
| --------------
------------------------------------------------------------------------------------------------


---------------------------------------------------------------------------------------------------
From Clock:  sys_clk_pin
  To Clock:  sys_clk_pin

Setup :            0  Failing Endpoints,  Worst Slack        0.910ns,  Total Violation        0.000ns
Hold  :            0  Failing Endpoints,  Worst Slack        0.044ns,  Total Violation        0.000ns
PW    :            0  Failing Endpoints,  Worst Slack        4.500ns,  Total Violation        0.000ns
---------------------------------------------------------------------------------------------------


Max Delay Paths
--------------------------------------------------------------------------------------
Slack (MET) :             0.910ns  (required time - arrival time)
  Source:                 state_reg[1]/C
                            (rising edge-triggered cell FDRE clocked by sys_clk_pin  {rise@0.000ns fall@5.000ns period=10.000ns})
  Destination:            img_b/bram/U0/inst_blk_mem_gen/gnbram.gnativebmg.native_blk_mem_gen/valid.cstr/ramloop[0].ram.r/prim_init.ram/DEVICE_7SERIES.NO_BMM_INFO.SP.SIMPLE_PRIM36.ram/ENARDEN
                            (rising edge-triggered cell RAMB36E1 clocked by sys_clk_pin  {rise@0.000ns fall@5.000ns period=10.000ns})
  Path Group:             sys_clk_pin
  Path Type:              Setup (Max at Slow Process Corner)
  Requirement:            10.000ns  (sys_clk_pin rise@10.000ns - sys_clk_pin rise@0.000ns)
  Data Path Delay:        8.538ns  (logic 3.522ns (41.250%)  route 5.016ns (58.750%))
  Logic Levels:           6  (CARRY4=2 DSP48E1=1 LUT2=2 LUT6=1)
  Clock Path Skew:        -0.074ns (DCD - SCD + CPR)
    Destination Clock Delay (DCD):    4.803ns = ( 14.803 - 10.000 ) 
    Source Clock Delay      (SCD):    5.064ns
    Clock Pessimism Removal (CPR):    0.187ns
  Clock Uncertainty:      0.035ns  ((TSJ^2 + TIJ^2)^1/2 + DJ) / 2 + PE
    Total System Jitter     (TSJ):    0.071ns
    Total Input Jitter      (TIJ):    0.000ns
    Discrete Jitter          (DJ):    0.000ns
    Phase Error              (PE):    0.000ns

    Location             Delay type                Incr(ns)  Path(ns)    Netlist Resource(s)
  -------------------------------------------------------------------    -------------------
                         (clock sys_clk_pin rise edge)
                                                      0.000     0.000 r  
    W5                                                0.000     0.000 r  clock (IN)
                         net (fo=0)                   0.000     0.000    clock
    W5                   IBUF (Prop_ibuf_I_O)         1.458     1.458 r  clock_IBUF_inst/O
                         net (fo=1, routed)           1.967     3.425    clock_IBUF
    BUFGCTRL_X0Y0        BUFG (Prop_bufg_I_O)         0.096     3.521 r  clock_IBUF_BUFG_inst/O
                         net (fo=186, routed)         1.543     5.064    clock_IBUF_BUFG
    SLICE_X13Y71         FDRE                                         r  state_reg[1]/C
  -------------------------------------------------------------------    -------------------
    SLICE_X13Y71         FDRE (Prop_fdre_C_Q)         0.456     5.520 r  state_reg[1]/Q
                         net (fo=65, routed)          0.768     6.288    img_b/addra0_1
    SLICE_X13Y71         LUT2 (Prop_lut2_I0_O)        0.124     6.412 r  img_b/state[1]_i_4/O
                         net (fo=3, routed)           0.476     6.888    vga_sync/addra0_2
    SLICE_X12Y69         LUT6 (Prop_lut6_I0_O)        0.124     7.012 r  vga_sync/addra0_i_14/O
                         net (fo=1, routed)           0.000     7.012    vga_sync/addra0_i_14_n_0
    SLICE_X12Y69         CARRY4 (Prop_carry4_S[3]_CO[3])
                                                      0.376     7.388 r  vga_sync/addra0_i_3/CO[3]
                         net (fo=1, routed)           0.000     7.388    vga_sync/addra0_i_3_n_0
    SLICE_X12Y70         CARRY4 (Prop_carry4_CI_O[3])
                                                      0.315     7.703 r  vga_sync/addra0_i_2/O[3]
                         net (fo=1, routed)           1.014     8.716    img_b/C[7]
    DSP48_X0Y22          DSP48E1 (Prop_dsp48e1_C[8]_P[15])
                                                      2.003    10.719 f  img_b/addra0/P[15]
                         net (fo=14, routed)          1.233    11.953    img_b/bram/U0/inst_blk_mem_gen/gnbram.gnativebmg.native_blk_mem_gen/valid.cstr/addra[15]
    SLICE_X36Y58         LUT2 (Prop_lut2_I1_O)        0.124    12.077 r  img_b/bram/U0/inst_blk_mem_gen/gnbram.gnativebmg.native_blk_mem_gen/valid.cstr/ram_ena/O
                         net (fo=3, routed)           1.525    13.602    img_b/bram/U0/inst_blk_mem_gen/gnbram.gnativebmg.native_blk_mem_gen/valid.cstr/ramloop[0].ram.r/prim_init.ram/DEVICE_7SERIES.NO_BMM_INFO.SP.SIMPLE_PRIM36.ram_1
    RAMB36_X2Y14         RAMB36E1                                     r  img_b/bram/U0/inst_blk_mem_gen/gnbram.gnativebmg.native_blk_mem_gen/valid.cstr/ramloop[0].ram.r/prim_init.ram/DEVICE_7SERIES.NO_BMM_INFO.SP.SIMPLE_PRIM36.ram/ENARDEN
  -------------------------------------------------------------------    -------------------

                         (clock sys_clk_pin rise edge)
                                                     10.000    10.000 r  
    W5                                                0.000    10.000 r  clock (IN)
                         net (fo=0)                   0.000    10.000    clock
    W5                   IBUF (Prop_ibuf_I_O)         1.388    11.388 r  clock_IBUF_inst/O
                         net (fo=1, routed)           1.862    13.250    clock_IBUF
    BUFGCTRL_X0Y0        BUFG (Prop_bufg_I_O)         0.091    13.341 r  clock_IBUF_BUFG_inst/O
                         net (fo=186, routed)         1.462    14.803    img_b/bram/U0/inst_blk_mem_gen/gnbram.gnativebmg.native_blk_mem_gen/valid.cstr/ramloop[0].ram.r/prim_init.ram/clka
    RAMB36_X2Y14         RAMB36E1                                     r  img_b/bram/U0/inst_blk_mem_gen/gnbram.gnativebmg.native_blk_mem_gen/valid.cstr/ramloop[0].ram.r/prim_init.ram/DEVICE_7SERIES.NO_BMM_INFO.SP.SIMPLE_PRIM36.ram/CLKARDCLK
                         clock pessimism              0.187    14.990    
                         clock uncertainty           -0.035    14.955    
    RAMB36_X2Y14         RAMB36E1 (Setup_ramb36e1_CLKARDCLK_ENARDEN)
                                                     -0.443    14.512    img_b/bram/U0/inst_blk_mem_gen/gnbram.gnativebmg.native_blk_mem_gen/valid.cstr/ramloop[0].ram.r/prim_init.ram/DEVICE_7SERIES.NO_BMM_INFO.SP.SIMPLE_PRIM36.ram
  -------------------------------------------------------------------
                         required time                         14.512    
                         arrival time                         -13.602    
  -------------------------------------------------------------------
                         slack                                  0.910    

Slack (MET) :             0.928ns  (required time - arrival time)
  Source:                 state_reg[1]/C
                            (rising edge-triggered cell FDRE clocked by sys_clk_pin  {rise@0.000ns fall@5.000ns period=10.000ns})
  Destination:            img_b/bram/U0/inst_blk_mem_gen/gnbram.gnativebmg.native_blk_mem_gen/valid.cstr/ramloop[0].ram.r/prim_init.ram/DEVICE_7SERIES.NO_BMM_INFO.SP.SIMPLE_PRIM36.ram/ADDRARDADDR[3]
                            (rising edge-triggered cell RAMB36E1 clocked by sys_clk_pin  {rise@0.000ns fall@5.000ns period=10.000ns})
  Path Group:             sys_clk_pin
  Path Type:              Setup (Max at Slow Process Corner)
  Requirement:            10.000ns  (sys_clk_pin rise@10.000ns - sys_clk_pin rise@0.000ns)
  Data Path Delay:        8.397ns  (logic 3.398ns (40.467%)  route 4.999ns (59.533%))
  Logic Levels:           5  (CARRY4=2 DSP48E1=1 LUT2=1 LUT6=1)
  Clock Path Skew:        -0.074ns (DCD - SCD + CPR)
    Destination Clock Delay (DCD):    4.803ns = ( 14.803 - 10.000 ) 
    Source Clock Delay      (SCD):    5.064ns
    Clock Pessimism Removal (CPR):    0.187ns
  Clock Uncertainty:      0.035ns  ((TSJ^2 + TIJ^2)^1/2 + DJ) / 2 + PE
    Total System Jitter     (TSJ):    0.071ns
    Total Input Jitter      (TIJ):    0.000ns
    Discrete Jitter          (DJ):    0.000ns
    Phase Error              (PE):    0.000ns

    Location             Delay type                Incr(ns)  Path(ns)    Netlist Resource(s)
  -------------------------------------------------------------------    -------------------
                         (clock sys_clk_pin rise edge)
                                                      0.000     0.000 r  
    W5                                                0.000     0.000 r  clock (IN)
                         net (fo=0)                   0.000     0.000    clock
    W5                   IBUF (Prop_ibuf_I_O)         1.458     1.458 r  clock_IBUF_inst/O
                         net (fo=1, routed)           1.967     3.425    clock_IBUF
    BUFGCTRL_X0Y0        BUFG (Prop_bufg_I_O)         0.096     3.521 r  clock_IBUF_BUFG_inst/O
                         net (fo=186, routed)         1.543     5.064    clock_IBUF_BUFG
    SLICE_X13Y71         FDRE                                         r  state_reg[1]/C
  -------------------------------------------------------------------    -------------------
    SLICE_X13Y71         FDRE (Prop_fdre_C_Q)         0.456     5.520 r  state_reg[1]/Q
                         net (fo=65, routed)          0.768     6.288    img_b/addra0_1
    SLICE_X13Y71         LUT2 (Prop_lut2_I0_O)        0.124     6.412 r  img_b/state[1]_i_4/O
                         net (fo=3, routed)           0.476     6.888    vga_sync/addra0_2
    SLICE_X12Y69         LUT6 (Prop_lut6_I0_O)        0.124     7.012 r  vga_sync/addra0_i_14/O
                         net (fo=1, routed)           0.000     7.012    vga_sync/addra0_i_14_n_0
    SLICE_X12Y69         CARRY4 (Prop_carry4_S[3]_CO[3])
                                                      0.376     7.388 r  vga_sync/addra0_i_3/CO[3]
                         net (fo=1, routed)           0.000     7.388    vga_sync/addra0_i_3_n_0
    SLICE_X12Y70         CARRY4 (Prop_carry4_CI_O[3])
                                                      0.315     7.703 r  vga_sync/addra0_i_2/O[3]
                         net (fo=1, routed)           1.014     8.716    img_b/C[7]
    DSP48_X0Y22          DSP48E1 (Prop_dsp48e1_C[8]_P[3])
                                                      2.003    10.719 r  img_b/addra0/P[3]
                         net (fo=15, routed)          2.741    13.461    img_b/bram/U0/inst_blk_mem_gen/gnbram.gnativebmg.native_blk_mem_gen/valid.cstr/ramloop[0].ram.r/prim_init.ram/addra[3]
    RAMB36_X2Y14         RAMB36E1                                     r  img_b/bram/U0/inst_blk_mem_gen/gnbram.gnativebmg.native_blk_mem_gen/valid.cstr/ramloop[0].ram.r/prim_init.ram/DEVICE_7SERIES.NO_BMM_INFO.SP.SIMPLE_PRIM36.ram/ADDRARDADDR[3]
  -------------------------------------------------------------------    -------------------

                         (clock sys_clk_pin rise edge)
                                                     10.000    10.000 r  
    W5                                                0.000    10.000 r  clock (IN)
                         net (fo=0)                   0.000    10.000    clock
    W5                   IBUF (Prop_ibuf_I_O)         1.388    11.388 r  clock_IBUF_inst/O
                         net (fo=1, routed)           1.862    13.250    clock_IBUF
    BUFGCTRL_X0Y0        BUFG (Prop_bufg_I_O)         0.091    13.341 r  clock_IBUF_BUFG_inst/O
                         net (fo=186, routed)         1.462    14.803    img_b/bram/U0/inst_blk_mem_gen/gnbram.gnativebmg.native_blk_mem_gen/valid.cstr/ramloop[0].ram.r/prim_init.ram/clka
    RAMB36_X2Y14         RAMB36E1                                     r  img_b/bram/U0/inst_blk_mem_gen/gnbram.gnativebmg.native_blk_mem_gen/valid.cstr/ramloop[0].ram.r/prim_init.ram/DEVICE_7SERIES.NO_BMM_INFO.SP.SIMPLE_PRIM36.ram/CLKARDCLK
                         clock pessimism              0.187    14.990    
                         clock uncertainty           -0.035    14.955    
    RAMB36_X2Y14         RAMB36E1 (Setup_ramb36e1_CLKARDCLK_ADDRARDADDR[3])
                                                     -0.566    14.389    img_b/bram/U0/inst_blk_mem_gen/gnbram.gnativebmg.native_blk_mem_gen/valid.cstr/ramloop[0].ram.r/prim_init.ram/DEVICE_7SERIES.NO_BMM_INFO.SP.SIMPLE_PRIM36.ram
  -------------------------------------------------------------------
                         required time                         14.389    
                         arrival time                         -13.461    
  -------------------------------------------------------------------
                         slack                                  0.928    

Slack (MET) :             0.969ns  (required time - arrival time)
  Source:                 state_reg[1]/C
                            (rising edge-triggered cell FDRE clocked by sys_clk_pin  {rise@0.000ns fall@5.000ns period=10.000ns})
  Destination:            img_b/bram/U0/inst_blk_mem_gen/gnbram.gnativebmg.native_blk_mem_gen/valid.cstr/ramloop[3].ram.r/prim_init.ram/DEVICE_7SERIES.NO_BMM_INFO.SP.SIMPLE_PRIM18.ram/ENARDEN
                            (rising edge-triggered cell RAMB18E1 clocked by sys_clk_pin  {rise@0.000ns fall@5.000ns period=10.000ns})
  Path Group:             sys_clk_pin
  Path Type:              Setup (Max at Slow Process Corner)
  Requirement:            10.000ns  (sys_clk_pin rise@10.000ns - sys_clk_pin rise@0.000ns)
  Data Path Delay:        8.498ns  (logic 3.522ns (41.444%)  route 4.976ns (58.556%))
  Logic Levels:           6  (CARRY4=2 DSP48E1=1 LUT2=1 LUT4=1 LUT6=1)
  Clock Path Skew:        -0.054ns (DCD - SCD + CPR)
    Destination Clock Delay (DCD):    4.830ns = ( 14.830 - 10.000 ) 
    Source Clock Delay      (SCD):    5.064ns
    Clock Pessimism Removal (CPR):    0.180ns
  Clock Uncertainty:      0.035ns  ((TSJ^2 + TIJ^2)^1/2 + DJ) / 2 + PE
    Total System Jitter     (TSJ):    0.071ns
    Total Input Jitter      (TIJ):    0.000ns
    Discrete Jitter          (DJ):    0.000ns
    Phase Error              (PE):    0.000ns

    Location             Delay type                Incr(ns)  Path(ns)    Netlist Resource(s)
  -------------------------------------------------------------------    -------------------
                         (clock sys_clk_pin rise edge)
                                                      0.000     0.000 r  
    W5                                                0.000     0.000 r  clock (IN)
                         net (fo=0)                   0.000     0.000    clock
    W5                   IBUF (Prop_ibuf_I_O)         1.458     1.458 r  clock_IBUF_inst/O
                         net (fo=1, routed)           1.967     3.425    clock_IBUF
    BUFGCTRL_X0Y0        BUFG (Prop_bufg_I_O)         0.096     3.521 r  clock_IBUF_BUFG_inst/O
                         net (fo=186, routed)         1.543     5.064    clock_IBUF_BUFG
    SLICE_X13Y71         FDRE                                         r  state_reg[1]/C
  -------------------------------------------------------------------    -------------------
    SLICE_X13Y71         FDRE (Prop_fdre_C_Q)         0.456     5.520 r  state_reg[1]/Q
                         net (fo=65, routed)          0.768     6.288    img_b/addra0_1
    SLICE_X13Y71         LUT2 (Prop_lut2_I0_O)        0.124     6.412 r  img_b/state[1]_i_4/O
                         net (fo=3, routed)           0.476     6.888    vga_sync/addra0_2
    SLICE_X12Y69         LUT6 (Prop_lut6_I0_O)        0.124     7.012 r  vga_sync/addra0_i_14/O
                         net (fo=1, routed)           0.000     7.012    vga_sync/addra0_i_14_n_0
    SLICE_X12Y69         CARRY4 (Prop_carry4_S[3]_CO[3])
                                                      0.376     7.388 r  vga_sync/addra0_i_3/CO[3]
                         net (fo=1, routed)           0.000     7.388    vga_sync/addra0_i_3_n_0
    SLICE_X12Y70         CARRY4 (Prop_carry4_CI_O[3])
                                                      0.315     7.703 r  vga_sync/addra0_i_2/O[3]
                         net (fo=1, routed)           1.014     8.716    img_b/C[7]
    DSP48_X0Y22          DSP48E1 (Prop_dsp48e1_C[8]_P[13])
                                                      2.003    10.719 f  img_b/addra0/P[13]
                         net (fo=16, routed)          1.949    12.668    img_b/bram/U0/inst_blk_mem_gen/gnbram.gnativebmg.native_blk_mem_gen/valid.cstr/ramloop[3].ram.r/prim_init.ram/addra[13]
    SLICE_X46Y53         LUT4 (Prop_lut4_I2_O)        0.124    12.792 r  img_b/bram/U0/inst_blk_mem_gen/gnbram.gnativebmg.native_blk_mem_gen/valid.cstr/ramloop[3].ram.r/prim_init.ram/DEVICE_7SERIES.NO_BMM_INFO.SP.SIMPLE_PRIM18.ram_i_1/O
                         net (fo=1, routed)           0.770    13.562    img_b/bram/U0/inst_blk_mem_gen/gnbram.gnativebmg.native_blk_mem_gen/valid.cstr/ramloop[3].ram.r/prim_init.ram/DEVICE_7SERIES.NO_BMM_INFO.SP.SIMPLE_PRIM18.ram_i_1_n_0
    RAMB18_X1Y19         RAMB18E1                                     r  img_b/bram/U0/inst_blk_mem_gen/gnbram.gnativebmg.native_blk_mem_gen/valid.cstr/ramloop[3].ram.r/prim_init.ram/DEVICE_7SERIES.NO_BMM_INFO.SP.SIMPLE_PRIM18.ram/ENARDEN
  -------------------------------------------------------------------    -------------------

                         (clock sys_clk_pin rise edge)
                                                     10.000    10.000 r  
    W5                                                0.000    10.000 r  clock (IN)
                         net (fo=0)                   0.000    10.000    clock
    W5                   IBUF (Prop_ibuf_I_O)         1.388    11.388 r  clock_IBUF_inst/O
                         net (fo=1, routed)           1.862    13.250    clock_IBUF
    BUFGCTRL_X0Y0        BUFG (Prop_bufg_I_O)         0.091    13.341 r  clock_IBUF_BUFG_inst/O
                         net (fo=186, routed)         1.489    14.830    img_b/bram/U0/inst_blk_mem_gen/gnbram.gnativebmg.native_blk_mem_gen/valid.cstr/ramloop[3].ram.r/prim_init.ram/clka
    RAMB18_X1Y19         RAMB18E1                                     r  img_b/bram/U0/inst_blk_mem_gen/gnbram.gnativebmg.native_blk_mem_gen/valid.cstr/ramloop[3].ram.r/prim_init.ram/DEVICE_7SERIES.NO_BMM_INFO.SP.SIMPLE_PRIM18.ram/CLKARDCLK
                         clock pessimism              0.180    15.010    
                         clock uncertainty           -0.035    14.974    
    RAMB18_X1Y19         RAMB18E1 (Setup_ramb18e1_CLKARDCLK_ENARDEN)
                                                     -0.443    14.531    img_b/bram/U0/inst_blk_mem_gen/gnbram.gnativebmg.native_blk_mem_gen/valid.cstr/ramloop[3].ram.r/prim_init.ram/DEVICE_7SERIES.NO_BMM_INFO.SP.SIMPLE_PRIM18.ram
  -------------------------------------------------------------------
                         required time                         14.531    
                         arrival time                         -13.562    
  -------------------------------------------------------------------
                         slack                                  0.969    

Slack (MET) :             1.016ns  (required time - arrival time)
  Source:                 state_reg[1]/C
                            (rising edge-triggered cell FDRE clocked by sys_clk_pin  {rise@0.000ns fall@5.000ns period=10.000ns})
  Destination:            img_b/bram/U0/inst_blk_mem_gen/gnbram.gnativebmg.native_blk_mem_gen/valid.cstr/ramloop[12].ram.r/prim_init.ram/DEVICE_7SERIES.NO_BMM_INFO.SP.SIMPLE_PRIM36.ram/ENARDEN
                            (rising edge-triggered cell RAMB36E1 clocked by sys_clk_pin  {rise@0.000ns fall@5.000ns period=10.000ns})
  Path Group:             sys_clk_pin
  Path Type:              Setup (Max at Slow Process Corner)
  Requirement:            10.000ns  (sys_clk_pin rise@10.000ns - sys_clk_pin rise@0.000ns)
  Data Path Delay:        8.444ns  (logic 3.522ns (41.711%)  route 4.922ns (58.289%))
  Logic Levels:           6  (CARRY4=2 DSP48E1=1 LUT2=1 LUT5=1 LUT6=1)
  Clock Path Skew:        -0.062ns (DCD - SCD + CPR)
    Destination Clock Delay (DCD):    4.815ns = ( 14.815 - 10.000 ) 
    Source Clock Delay      (SCD):    5.064ns
    Clock Pessimism Removal (CPR):    0.187ns
  Clock Uncertainty:      0.035ns  ((TSJ^2 + TIJ^2)^1/2 + DJ) / 2 + PE
    Total System Jitter     (TSJ):    0.071ns
    Total Input Jitter      (TIJ):    0.000ns
    Discrete Jitter          (DJ):    0.000ns
    Phase Error              (PE):    0.000ns

    Location             Delay type                Incr(ns)  Path(ns)    Netlist Resource(s)
  -------------------------------------------------------------------    -------------------
                         (clock sys_clk_pin rise edge)
                                                      0.000     0.000 r  
    W5                                                0.000     0.000 r  clock (IN)
                         net (fo=0)                   0.000     0.000    clock
    W5                   IBUF (Prop_ibuf_I_O)         1.458     1.458 r  clock_IBUF_inst/O
                         net (fo=1, routed)           1.967     3.425    clock_IBUF
    BUFGCTRL_X0Y0        BUFG (Prop_bufg_I_O)         0.096     3.521 r  clock_IBUF_BUFG_inst/O
                         net (fo=186, routed)         1.543     5.064    clock_IBUF_BUFG
    SLICE_X13Y71         FDRE                                         r  state_reg[1]/C
  -------------------------------------------------------------------    -------------------
    SLICE_X13Y71         FDRE (Prop_fdre_C_Q)         0.456     5.520 r  state_reg[1]/Q
                         net (fo=65, routed)          0.768     6.288    img_b/addra0_1
    SLICE_X13Y71         LUT2 (Prop_lut2_I0_O)        0.124     6.412 r  img_b/state[1]_i_4/O
                         net (fo=3, routed)           0.476     6.888    vga_sync/addra0_2
    SLICE_X12Y69         LUT6 (Prop_lut6_I0_O)        0.124     7.012 r  vga_sync/addra0_i_14/O
                         net (fo=1, routed)           0.000     7.012    vga_sync/addra0_i_14_n_0
    SLICE_X12Y69         CARRY4 (Prop_carry4_S[3]_CO[3])
                                                      0.376     7.388 r  vga_sync/addra0_i_3/CO[3]
                         net (fo=1, routed)           0.000     7.388    vga_sync/addra0_i_3_n_0
    SLICE_X12Y70         CARRY4 (Prop_carry4_CI_O[3])
                                                      0.315     7.703 r  vga_sync/addra0_i_2/O[3]
                         net (fo=1, routed)           1.014     8.716    img_b/C[7]
    DSP48_X0Y22          DSP48E1 (Prop_dsp48e1_C[8]_P[15])
                                                      2.003    10.719 f  img_b/addra0/P[15]
                         net (fo=14, routed)          1.724    12.443    img_b/bram/U0/inst_blk_mem_gen/gnbram.gnativebmg.native_blk_mem_gen/valid.cstr/bindec_a.bindec_inst_a/addra[3]
    SLICE_X40Y62         LUT5 (Prop_lut5_I0_O)        0.124    12.567 r  img_b/bram/U0/inst_blk_mem_gen/gnbram.gnativebmg.native_blk_mem_gen/valid.cstr/bindec_a.bindec_inst_a/ENOUT_inferred__6/i_/O
                         net (fo=1, routed)           0.940    13.508    img_b/bram/U0/inst_blk_mem_gen/gnbram.gnativebmg.native_blk_mem_gen/valid.cstr/ramloop[12].ram.r/prim_init.ram/ena_array[0]
    RAMB36_X2Y12         RAMB36E1                                     r  img_b/bram/U0/inst_blk_mem_gen/gnbram.gnativebmg.native_blk_mem_gen/valid.cstr/ramloop[12].ram.r/prim_init.ram/DEVICE_7SERIES.NO_BMM_INFO.SP.SIMPLE_PRIM36.ram/ENARDEN
  -------------------------------------------------------------------    -------------------

                         (clock sys_clk_pin rise edge)
                                                     10.000    10.000 r  
    W5                                                0.000    10.000 r  clock (IN)
                         net (fo=0)                   0.000    10.000    clock
    W5                   IBUF (Prop_ibuf_I_O)         1.388    11.388 r  clock_IBUF_inst/O
                         net (fo=1, routed)           1.862    13.250    clock_IBUF
    BUFGCTRL_X0Y0        BUFG (Prop_bufg_I_O)         0.091    13.341 r  clock_IBUF_BUFG_inst/O
                         net (fo=186, routed)         1.474    14.815    img_b/bram/U0/inst_blk_mem_gen/gnbram.gnativebmg.native_blk_mem_gen/valid.cstr/ramloop[12].ram.r/prim_init.ram/clka
    RAMB36_X2Y12         RAMB36E1                                     r  img_b/bram/U0/inst_blk_mem_gen/gnbram.gnativebmg.native_blk_mem_gen/valid.cstr/ramloop[12].ram.r/prim_init.ram/DEVICE_7SERIES.NO_BMM_INFO.SP.SIMPLE_PRIM36.ram/CLKARDCLK
                         clock pessimism              0.187    15.002    
                         clock uncertainty           -0.035    14.967    
    RAMB36_X2Y12         RAMB36E1 (Setup_ramb36e1_CLKARDCLK_ENARDEN)
                                                     -0.443    14.524    img_b/bram/U0/inst_blk_mem_gen/gnbram.gnativebmg.native_blk_mem_gen/valid.cstr/ramloop[12].ram.r/prim_init.ram/DEVICE_7SERIES.NO_BMM_INFO.SP.SIMPLE_PRIM36.ram
  -------------------------------------------------------------------
                         required time                         14.524    
                         arrival time                         -13.508    
  -------------------------------------------------------------------
                         slack                                  1.016    

Slack (MET) :             1.031ns  (required time - arrival time)
  Source:                 state_reg[1]/C
                            (rising edge-triggered cell FDRE clocked by sys_clk_pin  {rise@0.000ns fall@5.000ns period=10.000ns})
  Destination:            img_b/bram/U0/inst_blk_mem_gen/gnbram.gnativebmg.native_blk_mem_gen/valid.cstr/ramloop[4].ram.r/prim_init.ram/DEVICE_7SERIES.NO_BMM_INFO.SP.SIMPLE_PRIM36.ram/ENARDEN
                            (rising edge-triggered cell RAMB36E1 clocked by sys_clk_pin  {rise@0.000ns fall@5.000ns period=10.000ns})
  Path Group:             sys_clk_pin
  Path Type:              Setup (Max at Slow Process Corner)
  Requirement:            10.000ns  (sys_clk_pin rise@10.000ns - sys_clk_pin rise@0.000ns)
  Data Path Delay:        8.423ns  (logic 3.522ns (41.814%)  route 4.901ns (58.186%))
  Logic Levels:           6  (CARRY4=2 DSP48E1=1 LUT2=2 LUT6=1)
  Clock Path Skew:        -0.068ns (DCD - SCD + CPR)
    Destination Clock Delay (DCD):    4.809ns = ( 14.809 - 10.000 ) 
    Source Clock Delay      (SCD):    5.064ns
    Clock Pessimism Removal (CPR):    0.187ns
  Clock Uncertainty:      0.035ns  ((TSJ^2 + TIJ^2)^1/2 + DJ) / 2 + PE
    Total System Jitter     (TSJ):    0.071ns
    Total Input Jitter      (TIJ):    0.000ns
    Discrete Jitter          (DJ):    0.000ns
    Phase Error              (PE):    0.000ns

    Location             Delay type                Incr(ns)  Path(ns)    Netlist Resource(s)
  -------------------------------------------------------------------    -------------------
                         (clock sys_clk_pin rise edge)
                                                      0.000     0.000 r  
    W5                                                0.000     0.000 r  clock (IN)
                         net (fo=0)                   0.000     0.000    clock
    W5                   IBUF (Prop_ibuf_I_O)         1.458     1.458 r  clock_IBUF_inst/O
                         net (fo=1, routed)           1.967     3.425    clock_IBUF
    BUFGCTRL_X0Y0        BUFG (Prop_bufg_I_O)         0.096     3.521 r  clock_IBUF_BUFG_inst/O
                         net (fo=186, routed)         1.543     5.064    clock_IBUF_BUFG
    SLICE_X13Y71         FDRE                                         r  state_reg[1]/C
  -------------------------------------------------------------------    -------------------
    SLICE_X13Y71         FDRE (Prop_fdre_C_Q)         0.456     5.520 r  state_reg[1]/Q
                         net (fo=65, routed)          0.768     6.288    img_b/addra0_1
    SLICE_X13Y71         LUT2 (Prop_lut2_I0_O)        0.124     6.412 r  img_b/state[1]_i_4/O
                         net (fo=3, routed)           0.476     6.888    vga_sync/addra0_2
    SLICE_X12Y69         LUT6 (Prop_lut6_I0_O)        0.124     7.012 r  vga_sync/addra0_i_14/O
                         net (fo=1, routed)           0.000     7.012    vga_sync/addra0_i_14_n_0
    SLICE_X12Y69         CARRY4 (Prop_carry4_S[3]_CO[3])
                                                      0.376     7.388 r  vga_sync/addra0_i_3/CO[3]
                         net (fo=1, routed)           0.000     7.388    vga_sync/addra0_i_3_n_0
    SLICE_X12Y70         CARRY4 (Prop_carry4_CI_O[3])
                                                      0.315     7.703 r  vga_sync/addra0_i_2/O[3]
                         net (fo=1, routed)           1.014     8.716    img_b/C[7]
    DSP48_X0Y22          DSP48E1 (Prop_dsp48e1_C[8]_P[15])
                                                      2.003    10.719 f  img_b/addra0/P[15]
                         net (fo=14, routed)          1.233    11.953    img_b/bram/U0/inst_blk_mem_gen/gnbram.gnativebmg.native_blk_mem_gen/valid.cstr/addra[15]
    SLICE_X36Y58         LUT2 (Prop_lut2_I1_O)        0.124    12.077 r  img_b/bram/U0/inst_blk_mem_gen/gnbram.gnativebmg.native_blk_mem_gen/valid.cstr/ram_ena/O
                         net (fo=3, routed)           1.410    13.487    img_b/bram/U0/inst_blk_mem_gen/gnbram.gnativebmg.native_blk_mem_gen/valid.cstr/ramloop[4].ram.r/prim_init.ram/DEVICE_7SERIES.NO_BMM_INFO.SP.SIMPLE_PRIM36.ram_1
    RAMB36_X2Y13         RAMB36E1                                     r  img_b/bram/U0/inst_blk_mem_gen/gnbram.gnativebmg.native_blk_mem_gen/valid.cstr/ramloop[4].ram.r/prim_init.ram/DEVICE_7SERIES.NO_BMM_INFO.SP.SIMPLE_PRIM36.ram/ENARDEN
  -------------------------------------------------------------------    -------------------

                         (clock sys_clk_pin rise edge)
                                                     10.000    10.000 r  
    W5                                                0.000    10.000 r  clock (IN)
                         net (fo=0)                   0.000    10.000    clock
    W5                   IBUF (Prop_ibuf_I_O)         1.388    11.388 r  clock_IBUF_inst/O
                         net (fo=1, routed)           1.862    13.250    clock_IBUF
    BUFGCTRL_X0Y0        BUFG (Prop_bufg_I_O)         0.091    13.341 r  clock_IBUF_BUFG_inst/O
                         net (fo=186, routed)         1.468    14.809    img_b/bram/U0/inst_blk_mem_gen/gnbram.gnativebmg.native_blk_mem_gen/valid.cstr/ramloop[4].ram.r/prim_init.ram/clka
    RAMB36_X2Y13         RAMB36E1                                     r  img_b/bram/U0/inst_blk_mem_gen/gnbram.gnativebmg.native_blk_mem_gen/valid.cstr/ramloop[4].ram.r/prim_init.ram/DEVICE_7SERIES.NO_BMM_INFO.SP.SIMPLE_PRIM36.ram/CLKARDCLK
                         clock pessimism              0.187    14.996    
                         clock uncertainty           -0.035    14.961    
    RAMB36_X2Y13         RAMB36E1 (Setup_ramb36e1_CLKARDCLK_ENARDEN)
                                                     -0.443    14.518    img_b/bram/U0/inst_blk_mem_gen/gnbram.gnativebmg.native_blk_mem_gen/valid.cstr/ramloop[4].ram.r/prim_init.ram/DEVICE_7SERIES.NO_BMM_INFO.SP.SIMPLE_PRIM36.ram
  -------------------------------------------------------------------
                         required time                         14.518    
                         arrival time                         -13.487    
  -------------------------------------------------------------------
                         slack                                  1.031    

Slack (MET) :             1.048ns  (required time - arrival time)
  Source:                 state_reg[1]/C
                            (rising edge-triggered cell FDRE clocked by sys_clk_pin  {rise@0.000ns fall@5.000ns period=10.000ns})
  Destination:            img_b/bram/U0/inst_blk_mem_gen/gnbram.gnativebmg.native_blk_mem_gen/valid.cstr/ramloop[14].ram.r/prim_init.ram/DEVICE_7SERIES.NO_BMM_INFO.SP.SIMPLE_PRIM36.ram/ENARDEN
                            (rising edge-triggered cell RAMB36E1 clocked by sys_clk_pin  {rise@0.000ns fall@5.000ns period=10.000ns})
  Path Group:             sys_clk_pin
  Path Type:              Setup (Max at Slow Process Corner)
  Requirement:            10.000ns  (sys_clk_pin rise@10.000ns - sys_clk_pin rise@0.000ns)
  Data Path Delay:        8.398ns  (logic 3.522ns (41.940%)  route 4.876ns (58.060%))
  Logic Levels:           6  (CARRY4=2 DSP48E1=1 LUT2=1 LUT5=1 LUT6=1)
  Clock Path Skew:        -0.076ns (DCD - SCD + CPR)
    Destination Clock Delay (DCD):    4.801ns = ( 14.801 - 10.000 ) 
    Source Clock Delay      (SCD):    5.064ns
    Clock Pessimism Removal (CPR):    0.187ns
  Clock Uncertainty:      0.035ns  ((TSJ^2 + TIJ^2)^1/2 + DJ) / 2 + PE
    Total System Jitter     (TSJ):    0.071ns
    Total Input Jitter      (TIJ):    0.000ns
    Discrete Jitter          (DJ):    0.000ns
    Phase Error              (PE):    0.000ns

    Location             Delay type                Incr(ns)  Path(ns)    Netlist Resource(s)
  -------------------------------------------------------------------    -------------------
                         (clock sys_clk_pin rise edge)
                                                      0.000     0.000 r  
    W5                                                0.000     0.000 r  clock (IN)
                         net (fo=0)                   0.000     0.000    clock
    W5                   IBUF (Prop_ibuf_I_O)         1.458     1.458 r  clock_IBUF_inst/O
                         net (fo=1, routed)           1.967     3.425    clock_IBUF
    BUFGCTRL_X0Y0        BUFG (Prop_bufg_I_O)         0.096     3.521 r  clock_IBUF_BUFG_inst/O
                         net (fo=186, routed)         1.543     5.064    clock_IBUF_BUFG
    SLICE_X13Y71         FDRE                                         r  state_reg[1]/C
  -------------------------------------------------------------------    -------------------
    SLICE_X13Y71         FDRE (Prop_fdre_C_Q)         0.456     5.520 r  state_reg[1]/Q
                         net (fo=65, routed)          0.768     6.288    img_b/addra0_1
    SLICE_X13Y71         LUT2 (Prop_lut2_I0_O)        0.124     6.412 r  img_b/state[1]_i_4/O
                         net (fo=3, routed)           0.476     6.888    vga_sync/addra0_2
    SLICE_X12Y69         LUT6 (Prop_lut6_I0_O)        0.124     7.012 r  vga_sync/addra0_i_14/O
                         net (fo=1, routed)           0.000     7.012    vga_sync/addra0_i_14_n_0
    SLICE_X12Y69         CARRY4 (Prop_carry4_S[3]_CO[3])
                                                      0.376     7.388 r  vga_sync/addra0_i_3/CO[3]
                         net (fo=1, routed)           0.000     7.388    vga_sync/addra0_i_3_n_0
    SLICE_X12Y70         CARRY4 (Prop_carry4_CI_O[3])
                                                      0.315     7.703 r  vga_sync/addra0_i_2/O[3]
                         net (fo=1, routed)           1.014     8.716    img_b/C[7]
    DSP48_X0Y22          DSP48E1 (Prop_dsp48e1_C[8]_P[14])
                                                      2.003    10.719 f  img_b/addra0/P[14]
                         net (fo=16, routed)          1.854    12.574    img_b/bram/U0/inst_blk_mem_gen/gnbram.gnativebmg.native_blk_mem_gen/valid.cstr/bindec_a.bindec_inst_a/addra[2]
    SLICE_X42Y68         LUT5 (Prop_lut5_I0_O)        0.124    12.698 r  img_b/bram/U0/inst_blk_mem_gen/gnbram.gnativebmg.native_blk_mem_gen/valid.cstr/bindec_a.bindec_inst_a/ENOUT_inferred__8/i_/O
                         net (fo=1, routed)           0.764    13.462    img_b/bram/U0/inst_blk_mem_gen/gnbram.gnativebmg.native_blk_mem_gen/valid.cstr/ramloop[14].ram.r/prim_init.ram/ena_array[0]
    RAMB36_X1Y14         RAMB36E1                                     r  img_b/bram/U0/inst_blk_mem_gen/gnbram.gnativebmg.native_blk_mem_gen/valid.cstr/ramloop[14].ram.r/prim_init.ram/DEVICE_7SERIES.NO_BMM_INFO.SP.SIMPLE_PRIM36.ram/ENARDEN
  -------------------------------------------------------------------    -------------------

                         (clock sys_clk_pin rise edge)
                                                     10.000    10.000 r  
    W5                                                0.000    10.000 r  clock (IN)
                         net (fo=0)                   0.000    10.000    clock
    W5                   IBUF (Prop_ibuf_I_O)         1.388    11.388 r  clock_IBUF_inst/O
                         net (fo=1, routed)           1.862    13.250    clock_IBUF
    BUFGCTRL_X0Y0        BUFG (Prop_bufg_I_O)         0.091    13.341 r  clock_IBUF_BUFG_inst/O
                         net (fo=186, routed)         1.460    14.801    img_b/bram/U0/inst_blk_mem_gen/gnbram.gnativebmg.native_blk_mem_gen/valid.cstr/ramloop[14].ram.r/prim_init.ram/clka
    RAMB36_X1Y14         RAMB36E1                                     r  img_b/bram/U0/inst_blk_mem_gen/gnbram.gnativebmg.native_blk_mem_gen/valid.cstr/ramloop[14].ram.r/prim_init.ram/DEVICE_7SERIES.NO_BMM_INFO.SP.SIMPLE_PRIM36.ram/CLKARDCLK
                         clock pessimism              0.187    14.988    
                         clock uncertainty           -0.035    14.953    
    RAMB36_X1Y14         RAMB36E1 (Setup_ramb36e1_CLKARDCLK_ENARDEN)
                                                     -0.443    14.510    img_b/bram/U0/inst_blk_mem_gen/gnbram.gnativebmg.native_blk_mem_gen/valid.cstr/ramloop[14].ram.r/prim_init.ram/DEVICE_7SERIES.NO_BMM_INFO.SP.SIMPLE_PRIM36.ram
  -------------------------------------------------------------------
                         required time                         14.510    
                         arrival time                         -13.462    
  -------------------------------------------------------------------
                         slack                                  1.048    

Slack (MET) :             1.089ns  (required time - arrival time)
  Source:                 state_reg[1]/C
                            (rising edge-triggered cell FDRE clocked by sys_clk_pin  {rise@0.000ns fall@5.000ns period=10.000ns})
  Destination:            img_b/bram/U0/inst_blk_mem_gen/gnbram.gnativebmg.native_blk_mem_gen/valid.cstr/ramloop[5].ram.r/prim_init.ram/DEVICE_7SERIES.NO_BMM_INFO.SP.SIMPLE_PRIM36.ram/ENARDEN
                            (rising edge-triggered cell RAMB36E1 clocked by sys_clk_pin  {rise@0.000ns fall@5.000ns period=10.000ns})
  Path Group:             sys_clk_pin
  Path Type:              Setup (Max at Slow Process Corner)
  Requirement:            10.000ns  (sys_clk_pin rise@10.000ns - sys_clk_pin rise@0.000ns)
  Data Path Delay:        8.362ns  (logic 3.522ns (42.117%)  route 4.840ns (57.883%))
  Logic Levels:           6  (CARRY4=2 DSP48E1=1 LUT2=1 LUT5=1 LUT6=1)
  Clock Path Skew:        -0.070ns (DCD - SCD + CPR)
    Destination Clock Delay (DCD):    4.807ns = ( 14.807 - 10.000 ) 
    Source Clock Delay      (SCD):    5.064ns
    Clock Pessimism Removal (CPR):    0.187ns
  Clock Uncertainty:      0.035ns  ((TSJ^2 + TIJ^2)^1/2 + DJ) / 2 + PE
    Total System Jitter     (TSJ):    0.071ns
    Total Input Jitter      (TIJ):    0.000ns
    Discrete Jitter          (DJ):    0.000ns
    Phase Error              (PE):    0.000ns

    Location             Delay type                Incr(ns)  Path(ns)    Netlist Resource(s)
  -------------------------------------------------------------------    -------------------
                         (clock sys_clk_pin rise edge)
                                                      0.000     0.000 r  
    W5                                                0.000     0.000 r  clock (IN)
                         net (fo=0)                   0.000     0.000    clock
    W5                   IBUF (Prop_ibuf_I_O)         1.458     1.458 r  clock_IBUF_inst/O
                         net (fo=1, routed)           1.967     3.425    clock_IBUF
    BUFGCTRL_X0Y0        BUFG (Prop_bufg_I_O)         0.096     3.521 r  clock_IBUF_BUFG_inst/O
                         net (fo=186, routed)         1.543     5.064    clock_IBUF_BUFG
    SLICE_X13Y71         FDRE                                         r  state_reg[1]/C
  -------------------------------------------------------------------    -------------------
    SLICE_X13Y71         FDRE (Prop_fdre_C_Q)         0.456     5.520 r  state_reg[1]/Q
                         net (fo=65, routed)          0.768     6.288    img_b/addra0_1
    SLICE_X13Y71         LUT2 (Prop_lut2_I0_O)        0.124     6.412 r  img_b/state[1]_i_4/O
                         net (fo=3, routed)           0.476     6.888    vga_sync/addra0_2
    SLICE_X12Y69         LUT6 (Prop_lut6_I0_O)        0.124     7.012 r  vga_sync/addra0_i_14/O
                         net (fo=1, routed)           0.000     7.012    vga_sync/addra0_i_14_n_0
    SLICE_X12Y69         CARRY4 (Prop_carry4_S[3]_CO[3])
                                                      0.376     7.388 r  vga_sync/addra0_i_3/CO[3]
                         net (fo=1, routed)           0.000     7.388    vga_sync/addra0_i_3_n_0
    SLICE_X12Y70         CARRY4 (Prop_carry4_CI_O[3])
                                                      0.315     7.703 r  vga_sync/addra0_i_2/O[3]
                         net (fo=1, routed)           1.014     8.716    img_b/C[7]
    DSP48_X0Y22          DSP48E1 (Prop_dsp48e1_C[8]_P[15])
                                                      2.003    10.719 f  img_b/addra0/P[15]
                         net (fo=14, routed)          1.862    12.582    img_b/bram/U0/inst_blk_mem_gen/gnbram.gnativebmg.native_blk_mem_gen/valid.cstr/bindec_a.bindec_inst_a/addra[3]
    SLICE_X41Y67         LUT5 (Prop_lut5_I0_O)        0.124    12.706 r  img_b/bram/U0/inst_blk_mem_gen/gnbram.gnativebmg.native_blk_mem_gen/valid.cstr/bindec_a.bindec_inst_a/ENOUT/O
                         net (fo=1, routed)           0.721    13.426    img_b/bram/U0/inst_blk_mem_gen/gnbram.gnativebmg.native_blk_mem_gen/valid.cstr/ramloop[5].ram.r/prim_init.ram/ena_array[0]
    RAMB36_X1Y13         RAMB36E1                                     r  img_b/bram/U0/inst_blk_mem_gen/gnbram.gnativebmg.native_blk_mem_gen/valid.cstr/ramloop[5].ram.r/prim_init.ram/DEVICE_7SERIES.NO_BMM_INFO.SP.SIMPLE_PRIM36.ram/ENARDEN
  -------------------------------------------------------------------    -------------------

                         (clock sys_clk_pin rise edge)
                                                     10.000    10.000 r  
    W5                                                0.000    10.000 r  clock (IN)
                         net (fo=0)                   0.000    10.000    clock
    W5                   IBUF (Prop_ibuf_I_O)         1.388    11.388 r  clock_IBUF_inst/O
                         net (fo=1, routed)           1.862    13.250    clock_IBUF
    BUFGCTRL_X0Y0        BUFG (Prop_bufg_I_O)         0.091    13.341 r  clock_IBUF_BUFG_inst/O
                         net (fo=186, routed)         1.466    14.807    img_b/bram/U0/inst_blk_mem_gen/gnbram.gnativebmg.native_blk_mem_gen/valid.cstr/ramloop[5].ram.r/prim_init.ram/clka
    RAMB36_X1Y13         RAMB36E1                                     r  img_b/bram/U0/inst_blk_mem_gen/gnbram.gnativebmg.native_blk_mem_gen/valid.cstr/ramloop[5].ram.r/prim_init.ram/DEVICE_7SERIES.NO_BMM_INFO.SP.SIMPLE_PRIM36.ram/CLKARDCLK
                         clock pessimism              0.187    14.994    
                         clock uncertainty           -0.035    14.959    
    RAMB36_X1Y13         RAMB36E1 (Setup_ramb36e1_CLKARDCLK_ENARDEN)
                                                     -0.443    14.516    img_b/bram/U0/inst_blk_mem_gen/gnbram.gnativebmg.native_blk_mem_gen/valid.cstr/ramloop[5].ram.r/prim_init.ram/DEVICE_7SERIES.NO_BMM_INFO.SP.SIMPLE_PRIM36.ram
  -------------------------------------------------------------------
                         required time                         14.516    
                         arrival time                         -13.426    
  -------------------------------------------------------------------
                         slack                                  1.089    

Slack (MET) :             1.093ns  (required time - arrival time)
  Source:                 state_reg[1]/C
                            (rising edge-triggered cell FDRE clocked by sys_clk_pin  {rise@0.000ns fall@5.000ns period=10.000ns})
  Destination:            img_b/bram/U0/inst_blk_mem_gen/gnbram.gnativebmg.native_blk_mem_gen/valid.cstr/ramloop[9].ram.r/prim_init.ram/DEVICE_7SERIES.NO_BMM_INFO.SP.SIMPLE_PRIM36.ram/ENARDEN
                            (rising edge-triggered cell RAMB36E1 clocked by sys_clk_pin  {rise@0.000ns fall@5.000ns period=10.000ns})
  Path Group:             sys_clk_pin
  Path Type:              Setup (Max at Slow Process Corner)
  Requirement:            10.000ns  (sys_clk_pin rise@10.000ns - sys_clk_pin rise@0.000ns)
  Data Path Delay:        8.370ns  (logic 3.522ns (42.079%)  route 4.848ns (57.921%))
  Logic Levels:           6  (CARRY4=2 DSP48E1=1 LUT2=1 LUT5=1 LUT6=1)
  Clock Path Skew:        -0.059ns (DCD - SCD + CPR)
    Destination Clock Delay (DCD):    4.818ns = ( 14.818 - 10.000 ) 
    Source Clock Delay      (SCD):    5.064ns
    Clock Pessimism Removal (CPR):    0.187ns
  Clock Uncertainty:      0.035ns  ((TSJ^2 + TIJ^2)^1/2 + DJ) / 2 + PE
    Total System Jitter     (TSJ):    0.071ns
    Total Input Jitter      (TIJ):    0.000ns
    Discrete Jitter          (DJ):    0.000ns
    Phase Error              (PE):    0.000ns

    Location             Delay type                Incr(ns)  Path(ns)    Netlist Resource(s)
  -------------------------------------------------------------------    -------------------
                         (clock sys_clk_pin rise edge)
                                                      0.000     0.000 r  
    W5                                                0.000     0.000 r  clock (IN)
                         net (fo=0)                   0.000     0.000    clock
    W5                   IBUF (Prop_ibuf_I_O)         1.458     1.458 r  clock_IBUF_inst/O
                         net (fo=1, routed)           1.967     3.425    clock_IBUF
    BUFGCTRL_X0Y0        BUFG (Prop_bufg_I_O)         0.096     3.521 r  clock_IBUF_BUFG_inst/O
                         net (fo=186, routed)         1.543     5.064    clock_IBUF_BUFG
    SLICE_X13Y71         FDRE                                         r  state_reg[1]/C
  -------------------------------------------------------------------    -------------------
    SLICE_X13Y71         FDRE (Prop_fdre_C_Q)         0.456     5.520 r  state_reg[1]/Q
                         net (fo=65, routed)          0.768     6.288    img_b/addra0_1
    SLICE_X13Y71         LUT2 (Prop_lut2_I0_O)        0.124     6.412 r  img_b/state[1]_i_4/O
                         net (fo=3, routed)           0.476     6.888    vga_sync/addra0_2
    SLICE_X12Y69         LUT6 (Prop_lut6_I0_O)        0.124     7.012 r  vga_sync/addra0_i_14/O
                         net (fo=1, routed)           0.000     7.012    vga_sync/addra0_i_14_n_0
    SLICE_X12Y69         CARRY4 (Prop_carry4_S[3]_CO[3])
                                                      0.376     7.388 r  vga_sync/addra0_i_3/CO[3]
                         net (fo=1, routed)           0.000     7.388    vga_sync/addra0_i_3_n_0
    SLICE_X12Y70         CARRY4 (Prop_carry4_CI_O[3])
                                                      0.315     7.703 r  vga_sync/addra0_i_2/O[3]
                         net (fo=1, routed)           1.014     8.716    img_b/C[7]
    DSP48_X0Y22          DSP48E1 (Prop_dsp48e1_C[8]_P[12])
                                                      2.003    10.719 f  img_b/addra0/P[12]
                         net (fo=16, routed)          1.635    12.354    img_b/bram/U0/inst_blk_mem_gen/gnbram.gnativebmg.native_blk_mem_gen/valid.cstr/bindec_a.bindec_inst_a/addra[0]
    SLICE_X42Y58         LUT5 (Prop_lut5_I2_O)        0.124    12.478 r  img_b/bram/U0/inst_blk_mem_gen/gnbram.gnativebmg.native_blk_mem_gen/valid.cstr/bindec_a.bindec_inst_a/ENOUT_inferred__3/i_/O
                         net (fo=1, routed)           0.956    13.434    img_b/bram/U0/inst_blk_mem_gen/gnbram.gnativebmg.native_blk_mem_gen/valid.cstr/ramloop[9].ram.r/prim_init.ram/ena_array[0]
    RAMB36_X2Y11         RAMB36E1                                     r  img_b/bram/U0/inst_blk_mem_gen/gnbram.gnativebmg.native_blk_mem_gen/valid.cstr/ramloop[9].ram.r/prim_init.ram/DEVICE_7SERIES.NO_BMM_INFO.SP.SIMPLE_PRIM36.ram/ENARDEN
  -------------------------------------------------------------------    -------------------

                         (clock sys_clk_pin rise edge)
                                                     10.000    10.000 r  
    W5                                                0.000    10.000 r  clock (IN)
                         net (fo=0)                   0.000    10.000    clock
    W5                   IBUF (Prop_ibuf_I_O)         1.388    11.388 r  clock_IBUF_inst/O
                         net (fo=1, routed)           1.862    13.250    clock_IBUF
    BUFGCTRL_X0Y0        BUFG (Prop_bufg_I_O)         0.091    13.341 r  clock_IBUF_BUFG_inst/O
                         net (fo=186, routed)         1.477    14.818    img_b/bram/U0/inst_blk_mem_gen/gnbram.gnativebmg.native_blk_mem_gen/valid.cstr/ramloop[9].ram.r/prim_init.ram/clka
    RAMB36_X2Y11         RAMB36E1                                     r  img_b/bram/U0/inst_blk_mem_gen/gnbram.gnativebmg.native_blk_mem_gen/valid.cstr/ramloop[9].ram.r/prim_init.ram/DEVICE_7SERIES.NO_BMM_INFO.SP.SIMPLE_PRIM36.ram/CLKARDCLK
                         clock pessimism              0.187    15.005    
                         clock uncertainty           -0.035    14.970    
    RAMB36_X2Y11         RAMB36E1 (Setup_ramb36e1_CLKARDCLK_ENARDEN)
                                                     -0.443    14.527    img_b/bram/U0/inst_blk_mem_gen/gnbram.gnativebmg.native_blk_mem_gen/valid.cstr/ramloop[9].ram.r/prim_init.ram/DEVICE_7SERIES.NO_BMM_INFO.SP.SIMPLE_PRIM36.ram
  -------------------------------------------------------------------
                         required time                         14.527    
                         arrival time                         -13.434    
  -------------------------------------------------------------------
                         slack                                  1.093    

Slack (MET) :             1.126ns  (required time - arrival time)
  Source:                 state_reg[1]/C
                            (rising edge-triggered cell FDRE clocked by sys_clk_pin  {rise@0.000ns fall@5.000ns period=10.000ns})
  Destination:            img_a/bram/U0/inst_blk_mem_gen/gnbram.gnativebmg.native_blk_mem_gen/valid.cstr/ramloop[9].ram.r/prim_init.ram/DEVICE_7SERIES.NO_BMM_INFO.SP.SIMPLE_PRIM36.ram/ENARDEN
                            (rising edge-triggered cell RAMB36E1 clocked by sys_clk_pin  {rise@0.000ns fall@5.000ns period=10.000ns})
  Path Group:             sys_clk_pin
  Path Type:              Setup (Max at Slow Process Corner)
  Requirement:            10.000ns  (sys_clk_pin rise@10.000ns - sys_clk_pin rise@0.000ns)
  Data Path Delay:        8.332ns  (logic 3.555ns (42.664%)  route 4.777ns (57.336%))
  Logic Levels:           5  (CARRY4=2 DSP48E1=1 LUT5=2)
  Clock Path Skew:        -0.063ns (DCD - SCD + CPR)
    Destination Clock Delay (DCD):    4.814ns = ( 14.814 - 10.000 ) 
    Source Clock Delay      (SCD):    5.064ns
    Clock Pessimism Removal (CPR):    0.187ns
  Clock Uncertainty:      0.035ns  ((TSJ^2 + TIJ^2)^1/2 + DJ) / 2 + PE
    Total System Jitter     (TSJ):    0.071ns
    Total Input Jitter      (TIJ):    0.000ns
    Discrete Jitter          (DJ):    0.000ns
    Phase Error              (PE):    0.000ns

    Location             Delay type                Incr(ns)  Path(ns)    Netlist Resource(s)
  -------------------------------------------------------------------    -------------------
                         (clock sys_clk_pin rise edge)
                                                      0.000     0.000 r  
    W5                                                0.000     0.000 r  clock (IN)
                         net (fo=0)                   0.000     0.000    clock
    W5                   IBUF (Prop_ibuf_I_O)         1.458     1.458 r  clock_IBUF_inst/O
                         net (fo=1, routed)           1.967     3.425    clock_IBUF
    BUFGCTRL_X0Y0        BUFG (Prop_bufg_I_O)         0.096     3.521 r  clock_IBUF_BUFG_inst/O
                         net (fo=186, routed)         1.543     5.064    clock_IBUF_BUFG
    SLICE_X13Y71         FDRE                                         r  state_reg[1]/C
  -------------------------------------------------------------------    -------------------
    SLICE_X13Y71         FDRE (Prop_fdre_C_Q)         0.456     5.520 r  state_reg[1]/Q
                         net (fo=65, routed)          1.176     6.695    vga_sync/addra0_1
    SLICE_X12Y77         LUT5 (Prop_lut5_I1_O)        0.124     6.819 r  vga_sync/addra1_carry_i_6/O
                         net (fo=1, routed)           0.000     6.819    img_a/addra0_0[1]
    SLICE_X12Y77         CARRY4 (Prop_carry4_S[1]_CO[3])
                                                      0.533     7.352 r  img_a/addra1_carry/CO[3]
                         net (fo=1, routed)           0.000     7.352    img_a/addra1_carry_n_0
    SLICE_X12Y78         CARRY4 (Prop_carry4_CI_O[3])
                                                      0.315     7.667 r  img_a/addra1_carry__0/O[3]
                         net (fo=1, routed)           0.879     8.546    img_a/C[8]
    DSP48_X0Y32          DSP48E1 (Prop_dsp48e1_C[8]_P[12])
                                                      2.003    10.549 f  img_a/addra0/P[12]
                         net (fo=16, routed)          2.041    12.591    img_a/bram/U0/inst_blk_mem_gen/gnbram.gnativebmg.native_blk_mem_gen/valid.cstr/bindec_a.bindec_inst_a/addra[0]
    SLICE_X48Y82         LUT5 (Prop_lut5_I2_O)        0.124    12.715 r  img_a/bram/U0/inst_blk_mem_gen/gnbram.gnativebmg.native_blk_mem_gen/valid.cstr/bindec_a.bindec_inst_a/ENOUT_inferred__3/i_/O
                         net (fo=1, routed)           0.682    13.396    img_a/bram/U0/inst_blk_mem_gen/gnbram.gnativebmg.native_blk_mem_gen/valid.cstr/ramloop[9].ram.r/prim_init.ram/ena_array[0]
    RAMB36_X2Y16         RAMB36E1                                     r  img_a/bram/U0/inst_blk_mem_gen/gnbram.gnativebmg.native_blk_mem_gen/valid.cstr/ramloop[9].ram.r/prim_init.ram/DEVICE_7SERIES.NO_BMM_INFO.SP.SIMPLE_PRIM36.ram/ENARDEN
  -------------------------------------------------------------------    -------------------

                         (clock sys_clk_pin rise edge)
                                                     10.000    10.000 r  
    W5                                                0.000    10.000 r  clock (IN)
                         net (fo=0)                   0.000    10.000    clock
    W5                   IBUF (Prop_ibuf_I_O)         1.388    11.388 r  clock_IBUF_inst/O
                         net (fo=1, routed)           1.862    13.250    clock_IBUF
    BUFGCTRL_X0Y0        BUFG (Prop_bufg_I_O)         0.091    13.341 r  clock_IBUF_BUFG_inst/O
                         net (fo=186, routed)         1.473    14.814    img_a/bram/U0/inst_blk_mem_gen/gnbram.gnativebmg.native_blk_mem_gen/valid.cstr/ramloop[9].ram.r/prim_init.ram/clka
    RAMB36_X2Y16         RAMB36E1                                     r  img_a/bram/U0/inst_blk_mem_gen/gnbram.gnativebmg.native_blk_mem_gen/valid.cstr/ramloop[9].ram.r/prim_init.ram/DEVICE_7SERIES.NO_BMM_INFO.SP.SIMPLE_PRIM36.ram/CLKARDCLK
                         clock pessimism              0.187    15.001    
                         clock uncertainty           -0.035    14.966    
    RAMB36_X2Y16         RAMB36E1 (Setup_ramb36e1_CLKARDCLK_ENARDEN)
                                                     -0.443    14.523    img_a/bram/U0/inst_blk_mem_gen/gnbram.gnativebmg.native_blk_mem_gen/valid.cstr/ramloop[9].ram.r/prim_init.ram/DEVICE_7SERIES.NO_BMM_INFO.SP.SIMPLE_PRIM36.ram
  -------------------------------------------------------------------
                         required time                         14.523    
                         arrival time                         -13.396    
  -------------------------------------------------------------------
                         slack                                  1.126    

Slack (MET) :             1.127ns  (required time - arrival time)
  Source:                 state_reg[1]/C
                            (rising edge-triggered cell FDRE clocked by sys_clk_pin  {rise@0.000ns fall@5.000ns period=10.000ns})
  Destination:            img_b/bram/U0/inst_blk_mem_gen/gnbram.gnativebmg.native_blk_mem_gen/valid.cstr/ramloop[8].ram.r/prim_init.ram/DEVICE_7SERIES.NO_BMM_INFO.SP.SIMPLE_PRIM36.ram/ENARDEN
                            (rising edge-triggered cell RAMB36E1 clocked by sys_clk_pin  {rise@0.000ns fall@5.000ns period=10.000ns})
  Path Group:             sys_clk_pin
  Path Type:              Setup (Max at Slow Process Corner)
  Requirement:            10.000ns  (sys_clk_pin rise@10.000ns - sys_clk_pin rise@0.000ns)
  Data Path Delay:        8.330ns  (logic 3.522ns (42.280%)  route 4.808ns (57.720%))
  Logic Levels:           6  (CARRY4=2 DSP48E1=1 LUT2=1 LUT5=1 LUT6=1)
  Clock Path Skew:        -0.064ns (DCD - SCD + CPR)
    Destination Clock Delay (DCD):    4.813ns = ( 14.813 - 10.000 ) 
    Source Clock Delay      (SCD):    5.064ns
    Clock Pessimism Removal (CPR):    0.187ns
  Clock Uncertainty:      0.035ns  ((TSJ^2 + TIJ^2)^1/2 + DJ) / 2 + PE
    Total System Jitter     (TSJ):    0.071ns
    Total Input Jitter      (TIJ):    0.000ns
    Discrete Jitter          (DJ):    0.000ns
    Phase Error              (PE):    0.000ns

    Location             Delay type                Incr(ns)  Path(ns)    Netlist Resource(s)
  -------------------------------------------------------------------    -------------------
                         (clock sys_clk_pin rise edge)
                                                      0.000     0.000 r  
    W5                                                0.000     0.000 r  clock (IN)
                         net (fo=0)                   0.000     0.000    clock
    W5                   IBUF (Prop_ibuf_I_O)         1.458     1.458 r  clock_IBUF_inst/O
                         net (fo=1, routed)           1.967     3.425    clock_IBUF
    BUFGCTRL_X0Y0        BUFG (Prop_bufg_I_O)         0.096     3.521 r  clock_IBUF_BUFG_inst/O
                         net (fo=186, routed)         1.543     5.064    clock_IBUF_BUFG
    SLICE_X13Y71         FDRE                                         r  state_reg[1]/C
  -------------------------------------------------------------------    -------------------
    SLICE_X13Y71         FDRE (Prop_fdre_C_Q)         0.456     5.520 r  state_reg[1]/Q
                         net (fo=65, routed)          0.768     6.288    img_b/addra0_1
    SLICE_X13Y71         LUT2 (Prop_lut2_I0_O)        0.124     6.412 r  img_b/state[1]_i_4/O
                         net (fo=3, routed)           0.476     6.888    vga_sync/addra0_2
    SLICE_X12Y69         LUT6 (Prop_lut6_I0_O)        0.124     7.012 r  vga_sync/addra0_i_14/O
                         net (fo=1, routed)           0.000     7.012    vga_sync/addra0_i_14_n_0
    SLICE_X12Y69         CARRY4 (Prop_carry4_S[3]_CO[3])
                                                      0.376     7.388 r  vga_sync/addra0_i_3/CO[3]
                         net (fo=1, routed)           0.000     7.388    vga_sync/addra0_i_3_n_0
    SLICE_X12Y70         CARRY4 (Prop_carry4_CI_O[3])
                                                      0.315     7.703 r  vga_sync/addra0_i_2/O[3]
                         net (fo=1, routed)           1.014     8.716    img_b/C[7]
    DSP48_X0Y22          DSP48E1 (Prop_dsp48e1_C[8]_P[12])
                                                      2.003    10.719 r  img_b/addra0/P[12]
                         net (fo=16, routed)          1.978    12.698    img_b/bram/U0/inst_blk_mem_gen/gnbram.gnativebmg.native_blk_mem_gen/valid.cstr/ramloop[8].ram.r/prim_init.ram/addra[12]
    SLICE_X46Y62         LUT5 (Prop_lut5_I3_O)        0.124    12.822 r  img_b/bram/U0/inst_blk_mem_gen/gnbram.gnativebmg.native_blk_mem_gen/valid.cstr/ramloop[8].ram.r/prim_init.ram/DEVICE_7SERIES.NO_BMM_INFO.SP.SIMPLE_PRIM36.ram_i_1/O
                         net (fo=1, routed)           0.572    13.394    img_b/bram/U0/inst_blk_mem_gen/gnbram.gnativebmg.native_blk_mem_gen/valid.cstr/ramloop[8].ram.r/prim_init.ram/ena_array[3]
    RAMB36_X1Y12         RAMB36E1                                     r  img_b/bram/U0/inst_blk_mem_gen/gnbram.gnativebmg.native_blk_mem_gen/valid.cstr/ramloop[8].ram.r/prim_init.ram/DEVICE_7SERIES.NO_BMM_INFO.SP.SIMPLE_PRIM36.ram/ENARDEN
  -------------------------------------------------------------------    -------------------

                         (clock sys_clk_pin rise edge)
                                                     10.000    10.000 r  
    W5                                                0.000    10.000 r  clock (IN)
                         net (fo=0)                   0.000    10.000    clock
    W5                   IBUF (Prop_ibuf_I_O)         1.388    11.388 r  clock_IBUF_inst/O
                         net (fo=1, routed)           1.862    13.250    clock_IBUF
    BUFGCTRL_X0Y0        BUFG (Prop_bufg_I_O)         0.091    13.341 r  clock_IBUF_BUFG_inst/O
                         net (fo=186, routed)         1.472    14.813    img_b/bram/U0/inst_blk_mem_gen/gnbram.gnativebmg.native_blk_mem_gen/valid.cstr/ramloop[8].ram.r/prim_init.ram/clka
    RAMB36_X1Y12         RAMB36E1                                     r  img_b/bram/U0/inst_blk_mem_gen/gnbram.gnativebmg.native_blk_mem_gen/valid.cstr/ramloop[8].ram.r/prim_init.ram/DEVICE_7SERIES.NO_BMM_INFO.SP.SIMPLE_PRIM36.ram/CLKARDCLK
                         clock pessimism              0.187    15.000    
                         clock uncertainty           -0.035    14.965    
    RAMB36_X1Y12         RAMB36E1 (Setup_ramb36e1_CLKARDCLK_ENARDEN)
                                                     -0.443    14.522    img_b/bram/U0/inst_blk_mem_gen/gnbram.gnativebmg.native_blk_mem_gen/valid.cstr/ramloop[8].ram.r/prim_init.ram/DEVICE_7SERIES.NO_BMM_INFO.SP.SIMPLE_PRIM36.ram
  -------------------------------------------------------------------
                         required time                         14.522    
                         arrival time                         -13.394    
  -------------------------------------------------------------------
                         slack                                  1.127    





Min Delay Paths
--------------------------------------------------------------------------------------
Slack (MET) :             0.044ns  (arrival time - required time)
  Source:                 img_pointer/mouse_pointer/ps2_mouse/U2/T_reg[5]/C
                            (rising edge-triggered cell FDCE clocked by sys_clk_pin  {rise@0.000ns fall@5.000ns period=10.000ns})
  Destination:            img_pointer/mouse_pointer/ps2_mouse/U2/D1_reg[21]/D
                            (rising edge-triggered cell FDCE clocked by sys_clk_pin  {rise@0.000ns fall@5.000ns period=10.000ns})
  Path Group:             sys_clk_pin
  Path Type:              Hold (Min at Fast Process Corner)
  Requirement:            0.000ns  (sys_clk_pin rise@0.000ns - sys_clk_pin rise@0.000ns)
  Data Path Delay:        0.374ns  (logic 0.141ns (37.718%)  route 0.233ns (62.282%))
  Logic Levels:           0  
  Clock Path Skew:        0.260ns (DCD - SCD - CPR)
    Destination Clock Delay (DCD):    1.948ns
    Source Clock Delay      (SCD):    1.439ns
    Clock Pessimism Removal (CPR):    0.249ns

    Location             Delay type                Incr(ns)  Path(ns)    Netlist Resource(s)
  -------------------------------------------------------------------    -------------------
                         (clock sys_clk_pin rise edge)
                                                      0.000     0.000 r  
    W5                                                0.000     0.000 r  clock (IN)
                         net (fo=0)                   0.000     0.000    clock
    W5                   IBUF (Prop_ibuf_I_O)         0.226     0.226 r  clock_IBUF_inst/O
                         net (fo=1, routed)           0.631     0.858    clock_IBUF
    BUFGCTRL_X0Y0        BUFG (Prop_bufg_I_O)         0.026     0.884 r  clock_IBUF_BUFG_inst/O
                         net (fo=186, routed)         0.556     1.439    img_pointer/mouse_pointer/ps2_mouse/U2/clock_IBUF_BUFG
    SLICE_X33Y83         FDCE                                         r  img_pointer/mouse_pointer/ps2_mouse/U2/T_reg[5]/C
  -------------------------------------------------------------------    -------------------
    SLICE_X33Y83         FDCE (Prop_fdce_C_Q)         0.141     1.580 r  img_pointer/mouse_pointer/ps2_mouse/U2/T_reg[5]/Q
                         net (fo=3, routed)           0.233     1.813    img_pointer/mouse_pointer/ps2_mouse/U2/T_reg_n_0_[5]
    SLICE_X37Y81         FDCE                                         r  img_pointer/mouse_pointer/ps2_mouse/U2/D1_reg[21]/D
  -------------------------------------------------------------------    -------------------

                         (clock sys_clk_pin rise edge)
                                                      0.000     0.000 r  
    W5                                                0.000     0.000 r  clock (IN)
                         net (fo=0)                   0.000     0.000    clock
    W5                   IBUF (Prop_ibuf_I_O)         0.414     0.414 r  clock_IBUF_inst/O
                         net (fo=1, routed)           0.685     1.099    clock_IBUF
    BUFGCTRL_X0Y0        BUFG (Prop_bufg_I_O)         0.029     1.128 r  clock_IBUF_BUFG_inst/O
                         net (fo=186, routed)         0.820     1.948    img_pointer/mouse_pointer/ps2_mouse/U2/clock_IBUF_BUFG
    SLICE_X37Y81         FDCE                                         r  img_pointer/mouse_pointer/ps2_mouse/U2/D1_reg[21]/C
                         clock pessimism             -0.249     1.699    
    SLICE_X37Y81         FDCE (Hold_fdce_C_D)         0.070     1.769    img_pointer/mouse_pointer/ps2_mouse/U2/D1_reg[21]
  -------------------------------------------------------------------
                         required time                         -1.769    
                         arrival time                           1.813    
  -------------------------------------------------------------------
                         slack                                  0.044    

Slack (MET) :             0.046ns  (arrival time - required time)
  Source:                 img_pointer/mouse_pointer/ps2_mouse/U2/T_reg[5]/C
                            (rising edge-triggered cell FDCE clocked by sys_clk_pin  {rise@0.000ns fall@5.000ns period=10.000ns})
  Destination:            img_pointer/mouse_pointer/ps2_mouse/U2/D1_reg[13]/D
                            (rising edge-triggered cell FDCE clocked by sys_clk_pin  {rise@0.000ns fall@5.000ns period=10.000ns})
  Path Group:             sys_clk_pin
  Path Type:              Hold (Min at Fast Process Corner)
  Requirement:            0.000ns  (sys_clk_pin rise@0.000ns - sys_clk_pin rise@0.000ns)
  Data Path Delay:        0.377ns  (logic 0.141ns (37.387%)  route 0.236ns (62.613%))
  Logic Levels:           0  
  Clock Path Skew:        0.261ns (DCD - SCD - CPR)
    Destination Clock Delay (DCD):    1.949ns
    Source Clock Delay      (SCD):    1.439ns
    Clock Pessimism Removal (CPR):    0.249ns

    Location             Delay type                Incr(ns)  Path(ns)    Netlist Resource(s)
  -------------------------------------------------------------------    -------------------
                         (clock sys_clk_pin rise edge)
                                                      0.000     0.000 r  
    W5                                                0.000     0.000 r  clock (IN)
                         net (fo=0)                   0.000     0.000    clock
    W5                   IBUF (Prop_ibuf_I_O)         0.226     0.226 r  clock_IBUF_inst/O
                         net (fo=1, routed)           0.631     0.858    clock_IBUF
    BUFGCTRL_X0Y0        BUFG (Prop_bufg_I_O)         0.026     0.884 r  clock_IBUF_BUFG_inst/O
                         net (fo=186, routed)         0.556     1.439    img_pointer/mouse_pointer/ps2_mouse/U2/clock_IBUF_BUFG
    SLICE_X33Y83         FDCE                                         r  img_pointer/mouse_pointer/ps2_mouse/U2/T_reg[5]/C
  -------------------------------------------------------------------    -------------------
    SLICE_X33Y83         FDCE (Prop_fdce_C_Q)         0.141     1.580 r  img_pointer/mouse_pointer/ps2_mouse/U2/T_reg[5]/Q
                         net (fo=3, routed)           0.236     1.816    img_pointer/mouse_pointer/ps2_mouse/U2/T_reg_n_0_[5]
    SLICE_X37Y82         FDCE                                         r  img_pointer/mouse_pointer/ps2_mouse/U2/D1_reg[13]/D
  -------------------------------------------------------------------    -------------------

                         (clock sys_clk_pin rise edge)
                                                      0.000     0.000 r  
    W5                                                0.000     0.000 r  clock (IN)
                         net (fo=0)                   0.000     0.000    clock
    W5                   IBUF (Prop_ibuf_I_O)         0.414     0.414 r  clock_IBUF_inst/O
                         net (fo=1, routed)           0.685     1.099    clock_IBUF
    BUFGCTRL_X0Y0        BUFG (Prop_bufg_I_O)         0.029     1.128 r  clock_IBUF_BUFG_inst/O
                         net (fo=186, routed)         0.821     1.949    img_pointer/mouse_pointer/ps2_mouse/U2/clock_IBUF_BUFG
    SLICE_X37Y82         FDCE                                         r  img_pointer/mouse_pointer/ps2_mouse/U2/D1_reg[13]/C
                         clock pessimism             -0.249     1.700    
    SLICE_X37Y82         FDCE (Hold_fdce_C_D)         0.070     1.770    img_pointer/mouse_pointer/ps2_mouse/U2/D1_reg[13]
  -------------------------------------------------------------------
                         required time                         -1.770    
                         arrival time                           1.816    
  -------------------------------------------------------------------
                         slack                                  0.046    

Slack (MET) :             0.052ns  (arrival time - required time)
  Source:                 img_pointer/mouse_pointer/ps2_mouse/U2/T_reg[6]/C
                            (rising edge-triggered cell FDCE clocked by sys_clk_pin  {rise@0.000ns fall@5.000ns period=10.000ns})
  Destination:            img_pointer/mouse_pointer/ps2_mouse/U2/D1_reg[22]/D
                            (rising edge-triggered cell FDCE clocked by sys_clk_pin  {rise@0.000ns fall@5.000ns period=10.000ns})
  Path Group:             sys_clk_pin
  Path Type:              Hold (Min at Fast Process Corner)
  Requirement:            0.000ns  (sys_clk_pin rise@0.000ns - sys_clk_pin rise@0.000ns)
  Data Path Delay:        0.334ns  (logic 0.148ns (44.355%)  route 0.186ns (55.645%))
  Logic Levels:           0  
  Clock Path Skew:        0.263ns (DCD - SCD - CPR)
    Destination Clock Delay (DCD):    1.950ns
    Source Clock Delay      (SCD):    1.438ns
    Clock Pessimism Removal (CPR):    0.249ns

    Location             Delay type                Incr(ns)  Path(ns)    Netlist Resource(s)
  -------------------------------------------------------------------    -------------------
                         (clock sys_clk_pin rise edge)
                                                      0.000     0.000 r  
    W5                                                0.000     0.000 r  clock (IN)
                         net (fo=0)                   0.000     0.000    clock
    W5                   IBUF (Prop_ibuf_I_O)         0.226     0.226 r  clock_IBUF_inst/O
                         net (fo=1, routed)           0.631     0.858    clock_IBUF
    BUFGCTRL_X0Y0        BUFG (Prop_bufg_I_O)         0.026     0.884 r  clock_IBUF_BUFG_inst/O
                         net (fo=186, routed)         0.555     1.438    img_pointer/mouse_pointer/ps2_mouse/U2/clock_IBUF_BUFG
    SLICE_X34Y83         FDCE                                         r  img_pointer/mouse_pointer/ps2_mouse/U2/T_reg[6]/C
  -------------------------------------------------------------------    -------------------
    SLICE_X34Y83         FDCE (Prop_fdce_C_Q)         0.148     1.586 r  img_pointer/mouse_pointer/ps2_mouse/U2/T_reg[6]/Q
                         net (fo=3, routed)           0.186     1.772    img_pointer/mouse_pointer/ps2_mouse/U2/T_reg_n_0_[6]
    SLICE_X36Y83         FDCE                                         r  img_pointer/mouse_pointer/ps2_mouse/U2/D1_reg[22]/D
  -------------------------------------------------------------------    -------------------

                         (clock sys_clk_pin rise edge)
                                                      0.000     0.000 r  
    W5                                                0.000     0.000 r  clock (IN)
                         net (fo=0)                   0.000     0.000    clock
    W5                   IBUF (Prop_ibuf_I_O)         0.414     0.414 r  clock_IBUF_inst/O
                         net (fo=1, routed)           0.685     1.099    clock_IBUF
    BUFGCTRL_X0Y0        BUFG (Prop_bufg_I_O)         0.029     1.128 r  clock_IBUF_BUFG_inst/O
                         net (fo=186, routed)         0.822     1.950    img_pointer/mouse_pointer/ps2_mouse/U2/clock_IBUF_BUFG
    SLICE_X36Y83         FDCE                                         r  img_pointer/mouse_pointer/ps2_mouse/U2/D1_reg[22]/C
                         clock pessimism             -0.249     1.701    
    SLICE_X36Y83         FDCE (Hold_fdce_C_D)         0.019     1.720    img_pointer/mouse_pointer/ps2_mouse/U2/D1_reg[22]
  -------------------------------------------------------------------
                         required time                         -1.720    
                         arrival time                           1.772    
  -------------------------------------------------------------------
                         slack                                  0.052    

Slack (MET) :             0.053ns  (arrival time - required time)
  Source:                 img_pointer/mouse_pointer/ps2_mouse/U2/T_reg[1]/C
                            (rising edge-triggered cell FDCE clocked by sys_clk_pin  {rise@0.000ns fall@5.000ns period=10.000ns})
  Destination:            img_pointer/mouse_pointer/ps2_mouse/U2/D1_reg[17]/D
                            (rising edge-triggered cell FDCE clocked by sys_clk_pin  {rise@0.000ns fall@5.000ns period=10.000ns})
  Path Group:             sys_clk_pin
  Path Type:              Hold (Min at Fast Process Corner)
  Requirement:            0.000ns  (sys_clk_pin rise@0.000ns - sys_clk_pin rise@0.000ns)
  Data Path Delay:        0.327ns  (logic 0.128ns (39.113%)  route 0.199ns (60.887%))
  Logic Levels:           0  
  Clock Path Skew:        0.262ns (DCD - SCD - CPR)
    Destination Clock Delay (DCD):    1.950ns
    Source Clock Delay      (SCD):    1.439ns
    Clock Pessimism Removal (CPR):    0.249ns

    Location             Delay type                Incr(ns)  Path(ns)    Netlist Resource(s)
  -------------------------------------------------------------------    -------------------
                         (clock sys_clk_pin rise edge)
                                                      0.000     0.000 r  
    W5                                                0.000     0.000 r  clock (IN)
                         net (fo=0)                   0.000     0.000    clock
    W5                   IBUF (Prop_ibuf_I_O)         0.226     0.226 r  clock_IBUF_inst/O
                         net (fo=1, routed)           0.631     0.858    clock_IBUF
    BUFGCTRL_X0Y0        BUFG (Prop_bufg_I_O)         0.026     0.884 r  clock_IBUF_BUFG_inst/O
                         net (fo=186, routed)         0.556     1.439    img_pointer/mouse_pointer/ps2_mouse/U2/clock_IBUF_BUFG
    SLICE_X32Y83         FDCE                                         r  img_pointer/mouse_pointer/ps2_mouse/U2/T_reg[1]/C
  -------------------------------------------------------------------    -------------------
    SLICE_X32Y83         FDCE (Prop_fdce_C_Q)         0.128     1.567 r  img_pointer/mouse_pointer/ps2_mouse/U2/T_reg[1]/Q
                         net (fo=4, routed)           0.199     1.766    img_pointer/mouse_pointer/ps2_mouse/U2/T_reg_n_0_[1]
    SLICE_X36Y83         FDCE                                         r  img_pointer/mouse_pointer/ps2_mouse/U2/D1_reg[17]/D
  -------------------------------------------------------------------    -------------------

                         (clock sys_clk_pin rise edge)
                                                      0.000     0.000 r  
    W5                                                0.000     0.000 r  clock (IN)
                         net (fo=0)                   0.000     0.000    clock
    W5                   IBUF (Prop_ibuf_I_O)         0.414     0.414 r  clock_IBUF_inst/O
                         net (fo=1, routed)           0.685     1.099    clock_IBUF
    BUFGCTRL_X0Y0        BUFG (Prop_bufg_I_O)         0.029     1.128 r  clock_IBUF_BUFG_inst/O
                         net (fo=186, routed)         0.822     1.950    img_pointer/mouse_pointer/ps2_mouse/U2/clock_IBUF_BUFG
    SLICE_X36Y83         FDCE                                         r  img_pointer/mouse_pointer/ps2_mouse/U2/D1_reg[17]/C
                         clock pessimism             -0.249     1.701    
    SLICE_X36Y83         FDCE (Hold_fdce_C_D)         0.012     1.713    img_pointer/mouse_pointer/ps2_mouse/U2/D1_reg[17]
  -------------------------------------------------------------------
                         required time                         -1.713    
                         arrival time                           1.766    
  -------------------------------------------------------------------
                         slack                                  0.053    

Slack (MET) :             0.080ns  (arrival time - required time)
  Source:                 img_pointer/mouse_pointer/ps2_mouse/U2/T_reg[0]/C
                            (rising edge-triggered cell FDCE clocked by sys_clk_pin  {rise@0.000ns fall@5.000ns period=10.000ns})
  Destination:            img_pointer/mouse_pointer/ps2_mouse/U2/D1_reg[16]/D
                            (rising edge-triggered cell FDCE clocked by sys_clk_pin  {rise@0.000ns fall@5.000ns period=10.000ns})
  Path Group:             sys_clk_pin
  Path Type:              Hold (Min at Fast Process Corner)
  Requirement:            0.000ns  (sys_clk_pin rise@0.000ns - sys_clk_pin rise@0.000ns)
  Data Path Delay:        0.360ns  (logic 0.148ns (41.108%)  route 0.212ns (58.892%))
  Logic Levels:           0  
  Clock Path Skew:        0.263ns (DCD - SCD - CPR)
    Destination Clock Delay (DCD):    1.950ns
    Source Clock Delay      (SCD):    1.438ns
    Clock Pessimism Removal (CPR):    0.249ns

    Location             Delay type                Incr(ns)  Path(ns)    Netlist Resource(s)
  -------------------------------------------------------------------    -------------------
                         (clock sys_clk_pin rise edge)
                                                      0.000     0.000 r  
    W5                                                0.000     0.000 r  clock (IN)
                         net (fo=0)                   0.000     0.000    clock
    W5                   IBUF (Prop_ibuf_I_O)         0.226     0.226 r  clock_IBUF_inst/O
                         net (fo=1, routed)           0.631     0.858    clock_IBUF
    BUFGCTRL_X0Y0        BUFG (Prop_bufg_I_O)         0.026     0.884 r  clock_IBUF_BUFG_inst/O
                         net (fo=186, routed)         0.555     1.438    img_pointer/mouse_pointer/ps2_mouse/U2/clock_IBUF_BUFG
    SLICE_X34Y83         FDCE                                         r  img_pointer/mouse_pointer/ps2_mouse/U2/T_reg[0]/C
  -------------------------------------------------------------------    -------------------
    SLICE_X34Y83         FDCE (Prop_fdce_C_Q)         0.148     1.586 r  img_pointer/mouse_pointer/ps2_mouse/U2/T_reg[0]/Q
                         net (fo=4, routed)           0.212     1.798    img_pointer/mouse_pointer/ps2_mouse/U2/T_reg_n_0_[0]
    SLICE_X36Y83         FDCE                                         r  img_pointer/mouse_pointer/ps2_mouse/U2/D1_reg[16]/D
  -------------------------------------------------------------------    -------------------

                         (clock sys_clk_pin rise edge)
                                                      0.000     0.000 r  
    W5                                                0.000     0.000 r  clock (IN)
                         net (fo=0)                   0.000     0.000    clock
    W5                   IBUF (Prop_ibuf_I_O)         0.414     0.414 r  clock_IBUF_inst/O
                         net (fo=1, routed)           0.685     1.099    clock_IBUF
    BUFGCTRL_X0Y0        BUFG (Prop_bufg_I_O)         0.029     1.128 r  clock_IBUF_BUFG_inst/O
                         net (fo=186, routed)         0.822     1.950    img_pointer/mouse_pointer/ps2_mouse/U2/clock_IBUF_BUFG
    SLICE_X36Y83         FDCE                                         r  img_pointer/mouse_pointer/ps2_mouse/U2/D1_reg[16]/C
                         clock pessimism             -0.249     1.701    
    SLICE_X36Y83         FDCE (Hold_fdce_C_D)         0.017     1.718    img_pointer/mouse_pointer/ps2_mouse/U2/D1_reg[16]
  -------------------------------------------------------------------
                         required time                         -1.718    
                         arrival time                           1.798    
  -------------------------------------------------------------------
                         slack                                  0.080    

Slack (MET) :             0.093ns  (arrival time - required time)
  Source:                 img_pointer/mouse_pointer/ps2_mouse/U2/T_reg[7]/C
                            (rising edge-triggered cell FDCE clocked by sys_clk_pin  {rise@0.000ns fall@5.000ns period=10.000ns})
  Destination:            img_pointer/mouse_pointer/ps2_mouse/U2/D1_reg[23]/D
                            (rising edge-triggered cell FDCE clocked by sys_clk_pin  {rise@0.000ns fall@5.000ns period=10.000ns})
  Path Group:             sys_clk_pin
  Path Type:              Hold (Min at Fast Process Corner)
  Requirement:            0.000ns  (sys_clk_pin rise@0.000ns - sys_clk_pin rise@0.000ns)
  Data Path Delay:        0.371ns  (logic 0.128ns (34.515%)  route 0.243ns (65.485%))
  Logic Levels:           0  
  Clock Path Skew:        0.262ns (DCD - SCD - CPR)
    Destination Clock Delay (DCD):    1.950ns
    Source Clock Delay      (SCD):    1.439ns
    Clock Pessimism Removal (CPR):    0.249ns

    Location             Delay type                Incr(ns)  Path(ns)    Netlist Resource(s)
  -------------------------------------------------------------------    -------------------
                         (clock sys_clk_pin rise edge)
                                                      0.000     0.000 r  
    W5                                                0.000     0.000 r  clock (IN)
                         net (fo=0)                   0.000     0.000    clock
    W5                   IBUF (Prop_ibuf_I_O)         0.226     0.226 r  clock_IBUF_inst/O
                         net (fo=1, routed)           0.631     0.858    clock_IBUF
    BUFGCTRL_X0Y0        BUFG (Prop_bufg_I_O)         0.026     0.884 r  clock_IBUF_BUFG_inst/O
                         net (fo=186, routed)         0.556     1.439    img_pointer/mouse_pointer/ps2_mouse/U2/clock_IBUF_BUFG
    SLICE_X33Y83         FDCE                                         r  img_pointer/mouse_pointer/ps2_mouse/U2/T_reg[7]/C
  -------------------------------------------------------------------    -------------------
    SLICE_X33Y83         FDCE (Prop_fdce_C_Q)         0.128     1.567 r  img_pointer/mouse_pointer/ps2_mouse/U2/T_reg[7]/Q
                         net (fo=3, routed)           0.243     1.810    img_pointer/mouse_pointer/ps2_mouse/U2/T_reg_n_0_[7]
    SLICE_X37Y83         FDCE                                         r  img_pointer/mouse_pointer/ps2_mouse/U2/D1_reg[23]/D
  -------------------------------------------------------------------    -------------------

                         (clock sys_clk_pin rise edge)
                                                      0.000     0.000 r  
    W5                                                0.000     0.000 r  clock (IN)
                         net (fo=0)                   0.000     0.000    clock
    W5                   IBUF (Prop_ibuf_I_O)         0.414     0.414 r  clock_IBUF_inst/O
                         net (fo=1, routed)           0.685     1.099    clock_IBUF
    BUFGCTRL_X0Y0        BUFG (Prop_bufg_I_O)         0.029     1.128 r  clock_IBUF_BUFG_inst/O
                         net (fo=186, routed)         0.822     1.950    img_pointer/mouse_pointer/ps2_mouse/U2/clock_IBUF_BUFG
    SLICE_X37Y83         FDCE                                         r  img_pointer/mouse_pointer/ps2_mouse/U2/D1_reg[23]/C
                         clock pessimism             -0.249     1.701    
    SLICE_X37Y83         FDCE (Hold_fdce_C_D)         0.016     1.717    img_pointer/mouse_pointer/ps2_mouse/U2/D1_reg[23]
  -------------------------------------------------------------------
                         required time                         -1.717    
                         arrival time                           1.810    
  -------------------------------------------------------------------
                         slack                                  0.093    

Slack (MET) :             0.103ns  (arrival time - required time)
  Source:                 img_pointer/mouse_pointer/ps2_mouse/U2/T_reg[6]/C
                            (rising edge-triggered cell FDCE clocked by sys_clk_pin  {rise@0.000ns fall@5.000ns period=10.000ns})
  Destination:            img_pointer/mouse_pointer/ps2_mouse/U2/D1_reg[14]/D
                            (rising edge-triggered cell FDCE clocked by sys_clk_pin  {rise@0.000ns fall@5.000ns period=10.000ns})
  Path Group:             sys_clk_pin
  Path Type:              Hold (Min at Fast Process Corner)
  Requirement:            0.000ns  (sys_clk_pin rise@0.000ns - sys_clk_pin rise@0.000ns)
  Data Path Delay:        0.384ns  (logic 0.148ns (38.582%)  route 0.236ns (61.418%))
  Logic Levels:           0  
  Clock Path Skew:        0.262ns (DCD - SCD - CPR)
    Destination Clock Delay (DCD):    1.949ns
    Source Clock Delay      (SCD):    1.438ns
    Clock Pessimism Removal (CPR):    0.249ns

    Location             Delay type                Incr(ns)  Path(ns)    Netlist Resource(s)
  -------------------------------------------------------------------    -------------------
                         (clock sys_clk_pin rise edge)
                                                      0.000     0.000 r  
    W5                                                0.000     0.000 r  clock (IN)
                         net (fo=0)                   0.000     0.000    clock
    W5                   IBUF (Prop_ibuf_I_O)         0.226     0.226 r  clock_IBUF_inst/O
                         net (fo=1, routed)           0.631     0.858    clock_IBUF
    BUFGCTRL_X0Y0        BUFG (Prop_bufg_I_O)         0.026     0.884 r  clock_IBUF_BUFG_inst/O
                         net (fo=186, routed)         0.555     1.438    img_pointer/mouse_pointer/ps2_mouse/U2/clock_IBUF_BUFG
    SLICE_X34Y83         FDCE                                         r  img_pointer/mouse_pointer/ps2_mouse/U2/T_reg[6]/C
  -------------------------------------------------------------------    -------------------
    SLICE_X34Y83         FDCE (Prop_fdce_C_Q)         0.148     1.586 r  img_pointer/mouse_pointer/ps2_mouse/U2/T_reg[6]/Q
                         net (fo=3, routed)           0.236     1.822    img_pointer/mouse_pointer/ps2_mouse/U2/T_reg_n_0_[6]
    SLICE_X37Y82         FDCE                                         r  img_pointer/mouse_pointer/ps2_mouse/U2/D1_reg[14]/D
  -------------------------------------------------------------------    -------------------

                         (clock sys_clk_pin rise edge)
                                                      0.000     0.000 r  
    W5                                                0.000     0.000 r  clock (IN)
                         net (fo=0)                   0.000     0.000    clock
    W5                   IBUF (Prop_ibuf_I_O)         0.414     0.414 r  clock_IBUF_inst/O
                         net (fo=1, routed)           0.685     1.099    clock_IBUF
    BUFGCTRL_X0Y0        BUFG (Prop_bufg_I_O)         0.029     1.128 r  clock_IBUF_BUFG_inst/O
                         net (fo=186, routed)         0.821     1.949    img_pointer/mouse_pointer/ps2_mouse/U2/clock_IBUF_BUFG
    SLICE_X37Y82         FDCE                                         r  img_pointer/mouse_pointer/ps2_mouse/U2/D1_reg[14]/C
                         clock pessimism             -0.249     1.700    
    SLICE_X37Y82         FDCE (Hold_fdce_C_D)         0.019     1.719    img_pointer/mouse_pointer/ps2_mouse/U2/D1_reg[14]
  -------------------------------------------------------------------
                         required time                         -1.719    
                         arrival time                           1.822    
  -------------------------------------------------------------------
                         slack                                  0.103    

Slack (MET) :             0.140ns  (arrival time - required time)
  Source:                 img_pointer/mouse_pointer/ps2_mouse/U2/i_reg[4]/C
                            (rising edge-triggered cell FDCE clocked by sys_clk_pin  {rise@0.000ns fall@5.000ns period=10.000ns})
  Destination:            img_pointer/mouse_pointer/ps2_mouse/U2/i_reg[5]/D
                            (rising edge-triggered cell FDCE clocked by sys_clk_pin  {rise@0.000ns fall@5.000ns period=10.000ns})
  Path Group:             sys_clk_pin
  Path Type:              Hold (Min at Fast Process Corner)
  Requirement:            0.000ns  (sys_clk_pin rise@0.000ns - sys_clk_pin rise@0.000ns)
  Data Path Delay:        0.274ns  (logic 0.186ns (67.824%)  route 0.088ns (32.176%))
  Logic Levels:           1  (LUT6=1)
  Clock Path Skew:        0.013ns (DCD - SCD - CPR)
    Destination Clock Delay (DCD):    1.951ns
    Source Clock Delay      (SCD):    1.440ns
    Clock Pessimism Removal (CPR):    0.498ns

    Location             Delay type                Incr(ns)  Path(ns)    Netlist Resource(s)
  -------------------------------------------------------------------    -------------------
                         (clock sys_clk_pin rise edge)
                                                      0.000     0.000 r  
    W5                                                0.000     0.000 r  clock (IN)
                         net (fo=0)                   0.000     0.000    clock
    W5                   IBUF (Prop_ibuf_I_O)         0.226     0.226 r  clock_IBUF_inst/O
                         net (fo=1, routed)           0.631     0.858    clock_IBUF
    BUFGCTRL_X0Y0        BUFG (Prop_bufg_I_O)         0.026     0.884 r  clock_IBUF_BUFG_inst/O
                         net (fo=186, routed)         0.557     1.440    img_pointer/mouse_pointer/ps2_mouse/U2/clock_IBUF_BUFG
    SLICE_X31Y84         FDCE                                         r  img_pointer/mouse_pointer/ps2_mouse/U2/i_reg[4]/C
  -------------------------------------------------------------------    -------------------
    SLICE_X31Y84         FDCE (Prop_fdce_C_Q)         0.141     1.581 f  img_pointer/mouse_pointer/ps2_mouse/U2/i_reg[4]/Q
                         net (fo=8, routed)           0.088     1.669    img_pointer/mouse_pointer/ps2_mouse/U2/sel0[4]
    SLICE_X30Y84         LUT6 (Prop_lut6_I1_O)        0.045     1.714 r  img_pointer/mouse_pointer/ps2_mouse/U2/i[5]_i_1/O
                         net (fo=1, routed)           0.000     1.714    img_pointer/mouse_pointer/ps2_mouse/U2/i[5]_i_1_n_0
    SLICE_X30Y84         FDCE                                         r  img_pointer/mouse_pointer/ps2_mouse/U2/i_reg[5]/D
  -------------------------------------------------------------------    -------------------

                         (clock sys_clk_pin rise edge)
                                                      0.000     0.000 r  
    W5                                                0.000     0.000 r  clock (IN)
                         net (fo=0)                   0.000     0.000    clock
    W5                   IBUF (Prop_ibuf_I_O)         0.414     0.414 r  clock_IBUF_inst/O
                         net (fo=1, routed)           0.685     1.099    clock_IBUF
    BUFGCTRL_X0Y0        BUFG (Prop_bufg_I_O)         0.029     1.128 r  clock_IBUF_BUFG_inst/O
                         net (fo=186, routed)         0.823     1.951    img_pointer/mouse_pointer/ps2_mouse/U2/clock_IBUF_BUFG
    SLICE_X30Y84         FDCE                                         r  img_pointer/mouse_pointer/ps2_mouse/U2/i_reg[5]/C
                         clock pessimism             -0.498     1.453    
    SLICE_X30Y84         FDCE (Hold_fdce_C_D)         0.121     1.574    img_pointer/mouse_pointer/ps2_mouse/U2/i_reg[5]
  -------------------------------------------------------------------
                         required time                         -1.574    
                         arrival time                           1.714    
  -------------------------------------------------------------------
                         slack                                  0.140    

Slack (MET) :             0.142ns  (arrival time - required time)
  Source:                 img_pointer/mouse_pointer/ps2_mouse/U2/T_reg[7]/C
                            (rising edge-triggered cell FDCE clocked by sys_clk_pin  {rise@0.000ns fall@5.000ns period=10.000ns})
  Destination:            img_pointer/mouse_pointer/ps2_mouse/U2/D1_reg[15]/D
                            (rising edge-triggered cell FDCE clocked by sys_clk_pin  {rise@0.000ns fall@5.000ns period=10.000ns})
  Path Group:             sys_clk_pin
  Path Type:              Hold (Min at Fast Process Corner)
  Requirement:            0.000ns  (sys_clk_pin rise@0.000ns - sys_clk_pin rise@0.000ns)
  Data Path Delay:        0.424ns  (logic 0.128ns (30.209%)  route 0.296ns (69.791%))
  Logic Levels:           0  
  Clock Path Skew:        0.261ns (DCD - SCD - CPR)
    Destination Clock Delay (DCD):    1.949ns
    Source Clock Delay      (SCD):    1.439ns
    Clock Pessimism Removal (CPR):    0.249ns

    Location             Delay type                Incr(ns)  Path(ns)    Netlist Resource(s)
  -------------------------------------------------------------------    -------------------
                         (clock sys_clk_pin rise edge)
                                                      0.000     0.000 r  
    W5                                                0.000     0.000 r  clock (IN)
                         net (fo=0)                   0.000     0.000    clock
    W5                   IBUF (Prop_ibuf_I_O)         0.226     0.226 r  clock_IBUF_inst/O
                         net (fo=1, routed)           0.631     0.858    clock_IBUF
    BUFGCTRL_X0Y0        BUFG (Prop_bufg_I_O)         0.026     0.884 r  clock_IBUF_BUFG_inst/O
                         net (fo=186, routed)         0.556     1.439    img_pointer/mouse_pointer/ps2_mouse/U2/clock_IBUF_BUFG
    SLICE_X33Y83         FDCE                                         r  img_pointer/mouse_pointer/ps2_mouse/U2/T_reg[7]/C
  -------------------------------------------------------------------    -------------------
    SLICE_X33Y83         FDCE (Prop_fdce_C_Q)         0.128     1.567 r  img_pointer/mouse_pointer/ps2_mouse/U2/T_reg[7]/Q
                         net (fo=3, routed)           0.296     1.863    img_pointer/mouse_pointer/ps2_mouse/U2/T_reg_n_0_[7]
    SLICE_X37Y82         FDCE                                         r  img_pointer/mouse_pointer/ps2_mouse/U2/D1_reg[15]/D
  -------------------------------------------------------------------    -------------------

                         (clock sys_clk_pin rise edge)
                                                      0.000     0.000 r  
    W5                                                0.000     0.000 r  clock (IN)
                         net (fo=0)                   0.000     0.000    clock
    W5                   IBUF (Prop_ibuf_I_O)         0.414     0.414 r  clock_IBUF_inst/O
                         net (fo=1, routed)           0.685     1.099    clock_IBUF
    BUFGCTRL_X0Y0        BUFG (Prop_bufg_I_O)         0.029     1.128 r  clock_IBUF_BUFG_inst/O
                         net (fo=186, routed)         0.821     1.949    img_pointer/mouse_pointer/ps2_mouse/U2/clock_IBUF_BUFG
    SLICE_X37Y82         FDCE                                         r  img_pointer/mouse_pointer/ps2_mouse/U2/D1_reg[15]/C
                         clock pessimism             -0.249     1.700    
    SLICE_X37Y82         FDCE (Hold_fdce_C_D)         0.021     1.721    img_pointer/mouse_pointer/ps2_mouse/U2/D1_reg[15]
  -------------------------------------------------------------------
                         required time                         -1.721    
                         arrival time                           1.863    
  -------------------------------------------------------------------
                         slack                                  0.142    

Slack (MET) :             0.143ns  (arrival time - required time)
  Source:                 img_pointer/mouse_pointer/ps2_mouse/U2/T_reg[2]/C
                            (rising edge-triggered cell FDCE clocked by sys_clk_pin  {rise@0.000ns fall@5.000ns period=10.000ns})
  Destination:            img_pointer/mouse_pointer/ps2_mouse/U2/D1_reg[18]/D
                            (rising edge-triggered cell FDCE clocked by sys_clk_pin  {rise@0.000ns fall@5.000ns period=10.000ns})
  Path Group:             sys_clk_pin
  Path Type:              Hold (Min at Fast Process Corner)
  Requirement:            0.000ns  (sys_clk_pin rise@0.000ns - sys_clk_pin rise@0.000ns)
  Data Path Delay:        0.473ns  (logic 0.164ns (34.641%)  route 0.309ns (65.359%))
  Logic Levels:           0  
  Clock Path Skew:        0.261ns (DCD - SCD - CPR)
    Destination Clock Delay (DCD):    1.948ns
    Source Clock Delay      (SCD):    1.438ns
    Clock Pessimism Removal (CPR):    0.249ns

    Location             Delay type                Incr(ns)  Path(ns)    Netlist Resource(s)
  -------------------------------------------------------------------    -------------------
                         (clock sys_clk_pin rise edge)
                                                      0.000     0.000 r  
    W5                                                0.000     0.000 r  clock (IN)
                         net (fo=0)                   0.000     0.000    clock
    W5                   IBUF (Prop_ibuf_I_O)         0.226     0.226 r  clock_IBUF_inst/O
                         net (fo=1, routed)           0.631     0.858    clock_IBUF
    BUFGCTRL_X0Y0        BUFG (Prop_bufg_I_O)         0.026     0.884 r  clock_IBUF_BUFG_inst/O
                         net (fo=186, routed)         0.555     1.438    img_pointer/mouse_pointer/ps2_mouse/U2/clock_IBUF_BUFG
    SLICE_X34Y83         FDCE                                         r  img_pointer/mouse_pointer/ps2_mouse/U2/T_reg[2]/C
  -------------------------------------------------------------------    -------------------
    SLICE_X34Y83         FDCE (Prop_fdce_C_Q)         0.164     1.602 r  img_pointer/mouse_pointer/ps2_mouse/U2/T_reg[2]/Q
                         net (fo=3, routed)           0.309     1.912    img_pointer/mouse_pointer/ps2_mouse/U2/T_reg_n_0_[2]
    SLICE_X37Y81         FDCE                                         r  img_pointer/mouse_pointer/ps2_mouse/U2/D1_reg[18]/D
  -------------------------------------------------------------------    -------------------

                         (clock sys_clk_pin rise edge)
                                                      0.000     0.000 r  
    W5                                                0.000     0.000 r  clock (IN)
                         net (fo=0)                   0.000     0.000    clock
    W5                   IBUF (Prop_ibuf_I_O)         0.414     0.414 r  clock_IBUF_inst/O
                         net (fo=1, routed)           0.685     1.099    clock_IBUF
    BUFGCTRL_X0Y0        BUFG (Prop_bufg_I_O)         0.029     1.128 r  clock_IBUF_BUFG_inst/O
                         net (fo=186, routed)         0.820     1.948    img_pointer/mouse_pointer/ps2_mouse/U2/clock_IBUF_BUFG
    SLICE_X37Y81         FDCE                                         r  img_pointer/mouse_pointer/ps2_mouse/U2/D1_reg[18]/C
                         clock pessimism             -0.249     1.699    
    SLICE_X37Y81         FDCE (Hold_fdce_C_D)         0.070     1.769    img_pointer/mouse_pointer/ps2_mouse/U2/D1_reg[18]
  -------------------------------------------------------------------
                         required time                         -1.769    
                         arrival time                           1.912    
  -------------------------------------------------------------------
                         slack                                  0.143    





Pulse Width Checks
--------------------------------------------------------------------------------------
Clock Name:         sys_clk_pin
Waveform(ns):       { 0.000 5.000 }
Period(ns):         10.000
Sources:            { clock }

Check Type        Corner  Lib Pin             Reference Pin  Required(ns)  Actual(ns)  Slack(ns)  Location      Pin
Min Period        n/a     RAMB18E1/CLKARDCLK  n/a            2.576         10.000      7.424      RAMB18_X0Y42  img_a/bram/U0/inst_blk_mem_gen/gnbram.gnativebmg.native_blk_mem_gen/valid.cstr/ramloop[1].ram.r/prim_init.ram/DEVICE_7SERIES.NO_BMM_INFO.SP.SIMPLE_PRIM18.ram/CLKARDCLK
Min Period        n/a     RAMB18E1/CLKBWRCLK  n/a            2.576         10.000      7.424      RAMB18_X0Y42  img_a/bram/U0/inst_blk_mem_gen/gnbram.gnativebmg.native_blk_mem_gen/valid.cstr/ramloop[1].ram.r/prim_init.ram/DEVICE_7SERIES.NO_BMM_INFO.SP.SIMPLE_PRIM18.ram/CLKBWRCLK
Min Period        n/a     RAMB18E1/CLKARDCLK  n/a            2.576         10.000      7.424      RAMB18_X1Y18  img_b/bram/U0/inst_blk_mem_gen/gnbram.gnativebmg.native_blk_mem_gen/valid.cstr/ramloop[1].ram.r/prim_init.ram/DEVICE_7SERIES.NO_BMM_INFO.SP.SIMPLE_PRIM18.ram/CLKARDCLK
Min Period        n/a     RAMB18E1/CLKBWRCLK  n/a            2.576         10.000      7.424      RAMB18_X1Y18  img_b/bram/U0/inst_blk_mem_gen/gnbram.gnativebmg.native_blk_mem_gen/valid.cstr/ramloop[1].ram.r/prim_init.ram/DEVICE_7SERIES.NO_BMM_INFO.SP.SIMPLE_PRIM18.ram/CLKBWRCLK
Min Period        n/a     RAMB36E1/CLKARDCLK  n/a            2.576         10.000      7.424      RAMB36_X2Y16  img_a/bram/U0/inst_blk_mem_gen/gnbram.gnativebmg.native_blk_mem_gen/valid.cstr/ramloop[9].ram.r/prim_init.ram/DEVICE_7SERIES.NO_BMM_INFO.SP.SIMPLE_PRIM36.ram/CLKARDCLK
Min Period        n/a     RAMB36E1/CLKBWRCLK  n/a            2.576         10.000      7.424      RAMB36_X2Y16  img_a/bram/U0/inst_blk_mem_gen/gnbram.gnativebmg.native_blk_mem_gen/valid.cstr/ramloop[9].ram.r/prim_init.ram/DEVICE_7SERIES.NO_BMM_INFO.SP.SIMPLE_PRIM36.ram/CLKBWRCLK
Min Period        n/a     RAMB36E1/CLKARDCLK  n/a            2.576         10.000      7.424      RAMB36_X2Y11  img_b/bram/U0/inst_blk_mem_gen/gnbram.gnativebmg.native_blk_mem_gen/valid.cstr/ramloop[9].ram.r/prim_init.ram/DEVICE_7SERIES.NO_BMM_INFO.SP.SIMPLE_PRIM36.ram/CLKARDCLK
Min Period        n/a     RAMB36E1/CLKBWRCLK  n/a            2.576         10.000      7.424      RAMB36_X2Y11  img_b/bram/U0/inst_blk_mem_gen/gnbram.gnativebmg.native_blk_mem_gen/valid.cstr/ramloop[9].ram.r/prim_init.ram/DEVICE_7SERIES.NO_BMM_INFO.SP.SIMPLE_PRIM36.ram/CLKBWRCLK
Min Period        n/a     RAMB36E1/CLKARDCLK  n/a            2.576         10.000      7.424      RAMB36_X1Y19  img_a/bram/U0/inst_blk_mem_gen/gnbram.gnativebmg.native_blk_mem_gen/valid.cstr/ramloop[2].ram.r/prim_init.ram/DEVICE_7SERIES.NO_BMM_INFO.SP.SIMPLE_PRIM36.ram/CLKARDCLK
Min Period        n/a     RAMB36E1/CLKBWRCLK  n/a            2.576         10.000      7.424      RAMB36_X1Y19  img_a/bram/U0/inst_blk_mem_gen/gnbram.gnativebmg.native_blk_mem_gen/valid.cstr/ramloop[2].ram.r/prim_init.ram/DEVICE_7SERIES.NO_BMM_INFO.SP.SIMPLE_PRIM36.ram/CLKBWRCLK
Low Pulse Width   Slow    FDRE/C              n/a            0.500         5.000       4.500      SLICE_X32Y81  img_a/bram/U0/inst_blk_mem_gen/gnbram.gnativebmg.native_blk_mem_gen/valid.cstr/has_mux_a.A/no_softecc_norm_sel2.has_mem_regs.WITHOUT_ECC_PIPE.ce_pri.sel_pipe_d1_reg[3]/C
Low Pulse Width   Slow    FDRE/C              n/a            0.500         5.000       4.500      SLICE_X32Y81  img_a/bram/U0/inst_blk_mem_gen/gnbram.gnativebmg.native_blk_mem_gen/valid.cstr/has_mux_a.A/no_softecc_sel_reg.ce_pri.sel_pipe_reg[3]/C
Low Pulse Width   Slow    FDCE/C              n/a            0.500         5.000       4.500      SLICE_X36Y81  img_pointer/mouse_pointer/ps2_mouse/U2/D1_reg[11]/C
Low Pulse Width   Slow    FDCE/C              n/a            0.500         5.000       4.500      SLICE_X37Y81  img_pointer/mouse_pointer/ps2_mouse/U2/D1_reg[18]/C
Low Pulse Width   Slow    FDCE/C              n/a            0.500         5.000       4.500      SLICE_X37Y81  img_pointer/mouse_pointer/ps2_mouse/U2/D1_reg[19]/C
Low Pulse Width   Slow    FDCE/C              n/a            0.500         5.000       4.500      SLICE_X37Y81  img_pointer/mouse_pointer/ps2_mouse/U2/D1_reg[21]/C
Low Pulse Width   Slow    FDCE/C              n/a            0.500         5.000       4.500      SLICE_X36Y81  img_pointer/mouse_pointer/ps2_mouse/U2/D1_reg[8]/C
Low Pulse Width   Slow    FDCE/C              n/a            0.500         5.000       4.500      SLICE_X36Y81  img_pointer/mouse_pointer/ps2_mouse/U2/D1_reg[9]/C
Low Pulse Width   Slow    FDCE/C              n/a            0.500         5.000       4.500      SLICE_X36Y80  img_pointer/mouse_pointer/ps2_mouse/mouse_data_reg[11]/C
Low Pulse Width   Slow    FDCE/C              n/a            0.500         5.000       4.500      SLICE_X39Y81  img_pointer/mouse_pointer/ps2_mouse/mouse_data_reg[14]/C
High Pulse Width  Slow    FDRE/C              n/a            0.500         5.000       4.500      SLICE_X31Y83  img_a/bram/U0/inst_blk_mem_gen/gnbram.gnativebmg.native_blk_mem_gen/valid.cstr/has_mux_a.A/no_softecc_norm_sel2.has_mem_regs.WITHOUT_ECC_PIPE.ce_pri.sel_pipe_d1_reg[2]/C
High Pulse Width  Slow    FDRE/C              n/a            0.500         5.000       4.500      SLICE_X31Y83  img_a/bram/U0/inst_blk_mem_gen/gnbram.gnativebmg.native_blk_mem_gen/valid.cstr/has_mux_a.A/no_softecc_sel_reg.ce_pri.sel_pipe_reg[2]/C
High Pulse Width  Slow    FDRE/C              n/a            0.500         5.000       4.500      SLICE_X34Y76  img_pointer/mouse_pointer/io_Left_click_REG_reg/C
High Pulse Width  Fast    FDRE/C              n/a            0.500         5.000       4.500      SLICE_X13Y71  img_pointer/mouse_pointer/io_Right_click_REG_reg/C
High Pulse Width  Fast    FDCE/C              n/a            0.500         5.000       4.500      SLICE_X1Y110  img_pointer/mouse_pointer/ps2_mouse/U1/C1_reg[0]/C
High Pulse Width  Fast    FDCE/C              n/a            0.500         5.000       4.500      SLICE_X1Y110  img_pointer/mouse_pointer/ps2_mouse/U1/C1_reg[1]/C
High Pulse Width  Fast    FDCE/C              n/a            0.500         5.000       4.500      SLICE_X1Y110  img_pointer/mouse_pointer/ps2_mouse/U1/C1_reg[3]/C
High Pulse Width  Fast    FDCE/C              n/a            0.500         5.000       4.500      SLICE_X1Y111  img_pointer/mouse_pointer/ps2_mouse/U1/C1_reg[4]/C
High Pulse Width  Fast    FDCE/C              n/a            0.500         5.000       4.500      SLICE_X1Y110  img_pointer/mouse_pointer/ps2_mouse/U1/C1_reg[6]/C
High Pulse Width  Fast    FDCE/C              n/a            0.500         5.000       4.500      SLICE_X1Y110  img_pointer/mouse_pointer/ps2_mouse/U1/C1_reg[7]/C



