Copyright 1986-2018 Xilinx, Inc. All Rights Reserved.
-----------------------------------------------------------------------------------------------------------------------------------------------------------------------------------------------
| Tool Version : Vivado v.2018.3 (win64) Build 2405991 Thu Dec  6 23:38:27 MST 2018
| Date         : Fri Nov 22 05:04:31 2024
| Host         : WIN-H8ULN2I4VKL running 64-bit major release  (build 9200)
| Command      : report_timing_summary -max_paths 10 -file II_final_timing_summary_routed.rpt -pb II_final_timing_summary_routed.pb -rpx II_final_timing_summary_routed.rpx -warn_on_violation
| Design       : II_final
| Device       : 7a35t-cpg236
| Speed File   : -1  PRODUCTION 1.23 2018-06-13
-----------------------------------------------------------------------------------------------------------------------------------------------------------------------------------------------

Timing Summary Report

------------------------------------------------------------------------------------------------
| Timer Settings
| --------------
------------------------------------------------------------------------------------------------

  Enable Multi Corner Analysis               :  Yes
  Enable Pessimism Removal                   :  Yes
  Pessimism Removal Resolution               :  Nearest Common Node
  Enable Input Delay Default Clock           :  No
  Enable Preset / Clear Arcs                 :  No
  Disable Flight Delays                      :  No
  Ignore I/O Paths                           :  No
  Timing Early Launch at Borrowing Latches   :  false

  Corner  Analyze    Analyze    
  Name    Max Paths  Min Paths  
  ------  ---------  ---------  
  Slow    Yes        Yes        
  Fast    Yes        Yes        



check_timing report

Table of Contents
-----------------
1. checking no_clock
2. checking constant_clock
3. checking pulse_width_clock
4. checking unconstrained_internal_endpoints
5. checking no_input_delay
6. checking no_output_delay
7. checking multiple_clock
8. checking generated_clocks
9. checking loops
10. checking partial_input_delay
11. checking partial_output_delay
12. checking latch_loops

1. checking no_clock
--------------------
 There are 20 register/latch pins with no clock driven by root clock pin: vga_sync/clock_devider/counter_reg[1]/Q (HIGH)


2. checking constant_clock
--------------------------
 There are 0 register/latch pins with constant_clock.


3. checking pulse_width_clock
-----------------------------
 There are 0 register/latch pins which need pulse_width check


4. checking unconstrained_internal_endpoints
--------------------------------------------
 There are 50 pins that are not constrained for maximum delay. (HIGH)

 There are 0 pins that are not constrained for maximum delay due to constant clock.


5. checking no_input_delay
--------------------------
 There are 3 input ports with no input delay specified. (HIGH)

 There are 0 input ports with no input delay but user has a false path constraint.


6. checking no_output_delay
---------------------------
 There are 16 ports with no output delay specified. (HIGH)

 There are 0 ports with no output delay but user has a false path constraint

 There are 0 ports with no output delay but with a timing clock defined on it or propagating through it


7. checking multiple_clock
--------------------------
 There are 0 register/latch pins with multiple clocks.


8. checking generated_clocks
----------------------------
 There are 0 generated clocks that are not connected to a clock source.


9. checking loops
-----------------
 There are 0 combinational loops in the design.


10. checking partial_input_delay
--------------------------------
 There are 0 input ports with partial input delay specified.


11. checking partial_output_delay
---------------------------------
 There are 0 ports with partial output delay specified.


12. checking latch_loops
------------------------
 There are 0 combinational latch loops in the design through latch input



------------------------------------------------------------------------------------------------
| Design Timing Summary
| ---------------------
------------------------------------------------------------------------------------------------

    WNS(ns)      TNS(ns)  TNS Failing Endpoints  TNS Total Endpoints      WHS(ns)      THS(ns)  THS Failing Endpoints  THS Total Endpoints     WPWS(ns)     TPWS(ns)  TPWS Failing Endpoints  TPWS Total Endpoints  
    -------      -------  ---------------------  -------------------      -------      -------  ---------------------  -------------------     --------     --------  ----------------------  --------------------  
     -7.347     -117.643                     24                  563        0.044        0.000                      0                  563        4.500        0.000                       0                   339  


Timing constraints are not met.


------------------------------------------------------------------------------------------------
| Clock Summary
| -------------
------------------------------------------------------------------------------------------------

Clock        Waveform(ns)       Period(ns)      Frequency(MHz)
-----        ------------       ----------      --------------
sys_clk_pin  {0.000 5.000}      10.000          100.000         


------------------------------------------------------------------------------------------------
| Intra Clock Table
| -----------------
------------------------------------------------------------------------------------------------

Clock             WNS(ns)      TNS(ns)  TNS Failing Endpoints  TNS Total Endpoints      WHS(ns)      THS(ns)  THS Failing Endpoints  THS Total Endpoints     WPWS(ns)     TPWS(ns)  TPWS Failing Endpoints  TPWS Total Endpoints  
-----             -------      -------  ---------------------  -------------------      -------      -------  ---------------------  -------------------     --------     --------  ----------------------  --------------------  
sys_clk_pin        -7.347     -117.643                     24                  563        0.044        0.000                      0                  563        4.500        0.000                       0                   339  


------------------------------------------------------------------------------------------------
| Inter Clock Table
| -----------------
------------------------------------------------------------------------------------------------

From Clock    To Clock          WNS(ns)      TNS(ns)  TNS Failing Endpoints  TNS Total Endpoints      WHS(ns)      THS(ns)  THS Failing Endpoints  THS Total Endpoints  
----------    --------          -------      -------  ---------------------  -------------------      -------      -------  ---------------------  -------------------  


------------------------------------------------------------------------------------------------
| Other Path Groups Table
| -----------------------
------------------------------------------------------------------------------------------------

Path Group    From Clock    To Clock          WNS(ns)      TNS(ns)  TNS Failing Endpoints  TNS Total Endpoints      WHS(ns)      THS(ns)  THS Failing Endpoints  THS Total Endpoints  
----------    ----------    --------          -------      -------  ---------------------  -------------------      -------      -------  ---------------------  -------------------  


------------------------------------------------------------------------------------------------
| Timing Details
| --------------
------------------------------------------------------------------------------------------------


---------------------------------------------------------------------------------------------------
From Clock:  sys_clk_pin
  To Clock:  sys_clk_pin

Setup :           24  Failing Endpoints,  Worst Slack       -7.347ns,  Total Violation     -117.643ns
Hold  :            0  Failing Endpoints,  Worst Slack        0.044ns,  Total Violation        0.000ns
PW    :            0  Failing Endpoints,  Worst Slack        4.500ns,  Total Violation        0.000ns
---------------------------------------------------------------------------------------------------


Max Delay Paths
--------------------------------------------------------------------------------------
Slack (VIOLATED) :        -7.347ns  (required time - arrival time)
  Source:                 num_buy_reg[0]/C
                            (rising edge-triggered cell FDRE clocked by sys_clk_pin  {rise@0.000ns fall@5.000ns period=10.000ns})
  Destination:            img_num/num_i/U0/inst_blk_mem_gen/gnbram.gnativebmg.native_blk_mem_gen/valid.cstr/ramloop[1].ram.r/prim_init.ram/DEVICE_7SERIES.NO_BMM_INFO.SP.SIMPLE_PRIM36.ram/ADDRARDADDR[14]
                            (rising edge-triggered cell RAMB36E1 clocked by sys_clk_pin  {rise@0.000ns fall@5.000ns period=10.000ns})
  Path Group:             sys_clk_pin
  Path Type:              Setup (Max at Slow Process Corner)
  Requirement:            10.000ns  (sys_clk_pin rise@10.000ns - sys_clk_pin rise@0.000ns)
  Data Path Delay:        16.766ns  (logic 6.783ns (40.457%)  route 9.983ns (59.543%))
  Logic Levels:           26  (CARRY4=11 LUT3=4 LUT4=3 LUT5=5 LUT6=3)
  Clock Path Skew:        0.020ns (DCD - SCD + CPR)
    Destination Clock Delay (DCD):    4.818ns = ( 14.818 - 10.000 ) 
    Source Clock Delay      (SCD):    5.070ns
    Clock Pessimism Removal (CPR):    0.272ns
  Clock Uncertainty:      0.035ns  ((TSJ^2 + TIJ^2)^1/2 + DJ) / 2 + PE
    Total System Jitter     (TSJ):    0.071ns
    Total Input Jitter      (TIJ):    0.000ns
    Discrete Jitter          (DJ):    0.000ns
    Phase Error              (PE):    0.000ns

    Location             Delay type                Incr(ns)  Path(ns)    Netlist Resource(s)
  -------------------------------------------------------------------    -------------------
                         (clock sys_clk_pin rise edge)
                                                      0.000     0.000 r  
    W5                                                0.000     0.000 r  clock (IN)
                         net (fo=0)                   0.000     0.000    clock
    W5                   IBUF (Prop_ibuf_I_O)         1.458     1.458 r  clock_IBUF_inst/O
                         net (fo=1, routed)           1.967     3.425    clock_IBUF
    BUFGCTRL_X0Y0        BUFG (Prop_bufg_I_O)         0.096     3.521 r  clock_IBUF_BUFG_inst/O
                         net (fo=338, routed)         1.549     5.070    clock_IBUF_BUFG
    SLICE_X49Y82         FDRE                                         r  num_buy_reg[0]/C
  -------------------------------------------------------------------    -------------------
    SLICE_X49Y82         FDRE (Prop_fdre_C_Q)         0.456     5.526 r  num_buy_reg[0]/Q
                         net (fo=34, routed)          0.866     6.392    img_num/num_buy[0]
    SLICE_X49Y83         LUT3 (Prop_lut3_I1_O)        0.154     6.546 r  img_num/num_total[7]_i_16/O
                         net (fo=4, routed)           0.669     7.214    img_num/num_total[7]_i_16_n_0
    SLICE_X50Y81         LUT4 (Prop_lut4_I0_O)        0.327     7.541 r  img_num/num_total[7]_i_19/O
                         net (fo=1, routed)           0.000     7.541    img_num/num_total[7]_i_19_n_0
    SLICE_X50Y81         CARRY4 (Prop_carry4_S[3]_CO[3])
                                                      0.376     7.917 r  img_num/num_total_reg[7]_i_11/CO[3]
                         net (fo=1, routed)           0.000     7.917    img_num/num_total_reg[7]_i_11_n_0
    SLICE_X50Y82         CARRY4 (Prop_carry4_CI_O[0])
                                                      0.219     8.136 f  img_num/num_total_reg[11]_i_11/O[0]
                         net (fo=4, routed)           0.314     8.450    img_num/p_0_in__0[4]
    SLICE_X51Y84         LUT5 (Prop_lut5_I0_O)        0.295     8.745 r  img_num/num_i_i_356/O
                         net (fo=1, routed)           0.446     9.191    vga_sync/num_i_i_191_1
    SLICE_X53Y81         LUT5 (Prop_lut5_I4_O)        0.124     9.315 f  vga_sync/num_i_i_256/O
                         net (fo=26, routed)          0.691    10.007    vga_sync/num_i_i_256_n_0
    SLICE_X53Y80         LUT3 (Prop_lut3_I0_O)        0.124    10.131 r  vga_sync/num_i_i_386/O
                         net (fo=2, routed)           0.445    10.575    vga_sync/num_i_i_386_n_0
    SLICE_X53Y82         LUT5 (Prop_lut5_I4_O)        0.124    10.699 r  vga_sync/num_i_i_283/O
                         net (fo=2, routed)           0.664    11.363    vga_sync/num_i_i_283_n_0
    SLICE_X52Y82         LUT4 (Prop_lut4_I0_O)        0.124    11.487 r  vga_sync/num_i_i_287/O
                         net (fo=1, routed)           0.000    11.487    vga_sync/num_i_i_287_n_0
    SLICE_X52Y82         CARRY4 (Prop_carry4_S[1]_CO[3])
                                                      0.533    12.020 r  vga_sync/num_i_i_186/CO[3]
                         net (fo=1, routed)           0.000    12.020    vga_sync/num_i_i_186_n_0
    SLICE_X52Y83         CARRY4 (Prop_carry4_CI_CO[3])
                                                      0.117    12.137 r  vga_sync/num_i_i_90/CO[3]
                         net (fo=1, routed)           0.000    12.137    vga_sync/num_i_i_90_n_0
    SLICE_X52Y84         CARRY4 (Prop_carry4_CI_O[3])
                                                      0.315    12.452 r  vga_sync/num_i_i_173/O[3]
                         net (fo=12, routed)          0.632    13.084    img_num/num_i_i_92_0[3]
    SLICE_X53Y85         LUT3 (Prop_lut3_I0_O)        0.307    13.391 r  img_num/num_i_i_390/O
                         net (fo=1, routed)           0.672    14.063    img_num/num_i_i_390_n_0
    SLICE_X51Y85         CARRY4 (Prop_carry4_DI[3]_CO[3])
                                                      0.385    14.448 r  img_num/num_i_i_301/CO[3]
                         net (fo=1, routed)           0.000    14.448    img_num/num_i_i_301_n_0
    SLICE_X51Y86         CARRY4 (Prop_carry4_CI_O[1])
                                                      0.334    14.782 r  img_num/num_i_i_196/O[1]
                         net (fo=3, routed)           0.683    15.465    vga_sync/num_i_i_93_0[1]
    SLICE_X50Y86         LUT4 (Prop_lut4_I2_O)        0.303    15.768 r  vga_sync/num_i_i_206/O
                         net (fo=1, routed)           0.000    15.768    vga_sync/num_i_i_206_n_0
    SLICE_X50Y86         CARRY4 (Prop_carry4_S[0]_CO[3])
                                                      0.513    16.281 r  vga_sync/num_i_i_93/CO[3]
                         net (fo=4, routed)           0.649    16.929    vga_sync/num_i_i_93_n_0
    SLICE_X50Y87         LUT3 (Prop_lut3_I2_O)        0.124    17.053 r  vga_sync/num_i_i_265/O
                         net (fo=3, routed)           0.307    17.361    vga_sync/num_i_i_265_n_0
    SLICE_X53Y87         LUT5 (Prop_lut5_I2_O)        0.124    17.485 r  vga_sync/num_i_i_171/O
                         net (fo=4, routed)           0.554    18.039    vga_sync/img_num/_bits_bit_T_50[3]
    SLICE_X52Y87         LUT6 (Prop_lut6_I5_O)        0.124    18.163 r  vga_sync/num_i_i_172/O
                         net (fo=3, routed)           0.683    18.846    vga_sync/num_i_i_172_n_0
    SLICE_X52Y87         LUT6 (Prop_lut6_I4_O)        0.124    18.970 r  vga_sync/num_i_i_83/O
                         net (fo=3, routed)           0.605    19.575    vga_sync/num_i_i_83_n_0
    SLICE_X49Y87         LUT6 (Prop_lut6_I5_O)        0.124    19.699 r  vga_sync/num_i_i_47/O
                         net (fo=1, routed)           0.000    19.699    img_num/S[1]
    SLICE_X49Y87         CARRY4 (Prop_carry4_S[2]_CO[3])
                                                      0.398    20.097 r  img_num/num_i_i_25/CO[3]
                         net (fo=1, routed)           0.000    20.097    img_num/num_i_i_25_n_0
    SLICE_X49Y88         CARRY4 (Prop_carry4_CI_CO[3])
                                                      0.114    20.211 r  img_num/num_i_i_19/CO[3]
                         net (fo=1, routed)           0.000    20.211    img_num/num_i_i_19_n_0
    SLICE_X49Y89         CARRY4 (Prop_carry4_CI_O[0])
                                                      0.222    20.433 r  img_num/num_i_i_16/O[0]
                         net (fo=1, routed)           0.301    20.734    img_num/addra4[11]
    SLICE_X51Y89         LUT5 (Prop_lut5_I3_O)        0.299    21.033 r  img_num/num_i_i_1/O
                         net (fo=2, routed)           0.803    21.836    img_num/num_i/U0/inst_blk_mem_gen/gnbram.gnativebmg.native_blk_mem_gen/valid.cstr/ramloop[1].ram.r/prim_init.ram/addra[11]
    RAMB36_X1Y18         RAMB36E1                                     r  img_num/num_i/U0/inst_blk_mem_gen/gnbram.gnativebmg.native_blk_mem_gen/valid.cstr/ramloop[1].ram.r/prim_init.ram/DEVICE_7SERIES.NO_BMM_INFO.SP.SIMPLE_PRIM36.ram/ADDRARDADDR[14]
  -------------------------------------------------------------------    -------------------

                         (clock sys_clk_pin rise edge)
                                                     10.000    10.000 r  
    W5                                                0.000    10.000 r  clock (IN)
                         net (fo=0)                   0.000    10.000    clock
    W5                   IBUF (Prop_ibuf_I_O)         1.388    11.388 r  clock_IBUF_inst/O
                         net (fo=1, routed)           1.862    13.250    clock_IBUF
    BUFGCTRL_X0Y0        BUFG (Prop_bufg_I_O)         0.091    13.341 r  clock_IBUF_BUFG_inst/O
                         net (fo=338, routed)         1.477    14.818    img_num/num_i/U0/inst_blk_mem_gen/gnbram.gnativebmg.native_blk_mem_gen/valid.cstr/ramloop[1].ram.r/prim_init.ram/clka
    RAMB36_X1Y18         RAMB36E1                                     r  img_num/num_i/U0/inst_blk_mem_gen/gnbram.gnativebmg.native_blk_mem_gen/valid.cstr/ramloop[1].ram.r/prim_init.ram/DEVICE_7SERIES.NO_BMM_INFO.SP.SIMPLE_PRIM36.ram/CLKARDCLK
                         clock pessimism              0.272    15.090    
                         clock uncertainty           -0.035    15.055    
    RAMB36_X1Y18         RAMB36E1 (Setup_ramb36e1_CLKARDCLK_ADDRARDADDR[14])
                                                     -0.566    14.489    img_num/num_i/U0/inst_blk_mem_gen/gnbram.gnativebmg.native_blk_mem_gen/valid.cstr/ramloop[1].ram.r/prim_init.ram/DEVICE_7SERIES.NO_BMM_INFO.SP.SIMPLE_PRIM36.ram
  -------------------------------------------------------------------
                         required time                         14.489    
                         arrival time                         -21.836    
  -------------------------------------------------------------------
                         slack                                 -7.347    

Slack (VIOLATED) :        -7.254ns  (required time - arrival time)
  Source:                 num_buy_reg[0]/C
                            (rising edge-triggered cell FDRE clocked by sys_clk_pin  {rise@0.000ns fall@5.000ns period=10.000ns})
  Destination:            img_num/num_i/U0/inst_blk_mem_gen/gnbram.gnativebmg.native_blk_mem_gen/valid.cstr/ramloop[1].ram.r/prim_init.ram/DEVICE_7SERIES.NO_BMM_INFO.SP.SIMPLE_PRIM36.ram/ADDRARDADDR[12]
                            (rising edge-triggered cell RAMB36E1 clocked by sys_clk_pin  {rise@0.000ns fall@5.000ns period=10.000ns})
  Path Group:             sys_clk_pin
  Path Type:              Setup (Max at Slow Process Corner)
  Requirement:            10.000ns  (sys_clk_pin rise@10.000ns - sys_clk_pin rise@0.000ns)
  Data Path Delay:        16.673ns  (logic 6.689ns (40.119%)  route 9.984ns (59.881%))
  Logic Levels:           25  (CARRY4=10 LUT3=4 LUT4=3 LUT5=5 LUT6=3)
  Clock Path Skew:        0.020ns (DCD - SCD + CPR)
    Destination Clock Delay (DCD):    4.818ns = ( 14.818 - 10.000 ) 
    Source Clock Delay      (SCD):    5.070ns
    Clock Pessimism Removal (CPR):    0.272ns
  Clock Uncertainty:      0.035ns  ((TSJ^2 + TIJ^2)^1/2 + DJ) / 2 + PE
    Total System Jitter     (TSJ):    0.071ns
    Total Input Jitter      (TIJ):    0.000ns
    Discrete Jitter          (DJ):    0.000ns
    Phase Error              (PE):    0.000ns

    Location             Delay type                Incr(ns)  Path(ns)    Netlist Resource(s)
  -------------------------------------------------------------------    -------------------
                         (clock sys_clk_pin rise edge)
                                                      0.000     0.000 r  
    W5                                                0.000     0.000 r  clock (IN)
                         net (fo=0)                   0.000     0.000    clock
    W5                   IBUF (Prop_ibuf_I_O)         1.458     1.458 r  clock_IBUF_inst/O
                         net (fo=1, routed)           1.967     3.425    clock_IBUF
    BUFGCTRL_X0Y0        BUFG (Prop_bufg_I_O)         0.096     3.521 r  clock_IBUF_BUFG_inst/O
                         net (fo=338, routed)         1.549     5.070    clock_IBUF_BUFG
    SLICE_X49Y82         FDRE                                         r  num_buy_reg[0]/C
  -------------------------------------------------------------------    -------------------
    SLICE_X49Y82         FDRE (Prop_fdre_C_Q)         0.456     5.526 r  num_buy_reg[0]/Q
                         net (fo=34, routed)          0.866     6.392    img_num/num_buy[0]
    SLICE_X49Y83         LUT3 (Prop_lut3_I1_O)        0.154     6.546 r  img_num/num_total[7]_i_16/O
                         net (fo=4, routed)           0.669     7.214    img_num/num_total[7]_i_16_n_0
    SLICE_X50Y81         LUT4 (Prop_lut4_I0_O)        0.327     7.541 r  img_num/num_total[7]_i_19/O
                         net (fo=1, routed)           0.000     7.541    img_num/num_total[7]_i_19_n_0
    SLICE_X50Y81         CARRY4 (Prop_carry4_S[3]_CO[3])
                                                      0.376     7.917 r  img_num/num_total_reg[7]_i_11/CO[3]
                         net (fo=1, routed)           0.000     7.917    img_num/num_total_reg[7]_i_11_n_0
    SLICE_X50Y82         CARRY4 (Prop_carry4_CI_O[0])
                                                      0.219     8.136 f  img_num/num_total_reg[11]_i_11/O[0]
                         net (fo=4, routed)           0.314     8.450    img_num/p_0_in__0[4]
    SLICE_X51Y84         LUT5 (Prop_lut5_I0_O)        0.295     8.745 r  img_num/num_i_i_356/O
                         net (fo=1, routed)           0.446     9.191    vga_sync/num_i_i_191_1
    SLICE_X53Y81         LUT5 (Prop_lut5_I4_O)        0.124     9.315 f  vga_sync/num_i_i_256/O
                         net (fo=26, routed)          0.691    10.007    vga_sync/num_i_i_256_n_0
    SLICE_X53Y80         LUT3 (Prop_lut3_I0_O)        0.124    10.131 r  vga_sync/num_i_i_386/O
                         net (fo=2, routed)           0.445    10.575    vga_sync/num_i_i_386_n_0
    SLICE_X53Y82         LUT5 (Prop_lut5_I4_O)        0.124    10.699 r  vga_sync/num_i_i_283/O
                         net (fo=2, routed)           0.664    11.363    vga_sync/num_i_i_283_n_0
    SLICE_X52Y82         LUT4 (Prop_lut4_I0_O)        0.124    11.487 r  vga_sync/num_i_i_287/O
                         net (fo=1, routed)           0.000    11.487    vga_sync/num_i_i_287_n_0
    SLICE_X52Y82         CARRY4 (Prop_carry4_S[1]_CO[3])
                                                      0.533    12.020 r  vga_sync/num_i_i_186/CO[3]
                         net (fo=1, routed)           0.000    12.020    vga_sync/num_i_i_186_n_0
    SLICE_X52Y83         CARRY4 (Prop_carry4_CI_CO[3])
                                                      0.117    12.137 r  vga_sync/num_i_i_90/CO[3]
                         net (fo=1, routed)           0.000    12.137    vga_sync/num_i_i_90_n_0
    SLICE_X52Y84         CARRY4 (Prop_carry4_CI_O[3])
                                                      0.315    12.452 r  vga_sync/num_i_i_173/O[3]
                         net (fo=12, routed)          0.632    13.084    img_num/num_i_i_92_0[3]
    SLICE_X53Y85         LUT3 (Prop_lut3_I0_O)        0.307    13.391 r  img_num/num_i_i_390/O
                         net (fo=1, routed)           0.672    14.063    img_num/num_i_i_390_n_0
    SLICE_X51Y85         CARRY4 (Prop_carry4_DI[3]_CO[3])
                                                      0.385    14.448 r  img_num/num_i_i_301/CO[3]
                         net (fo=1, routed)           0.000    14.448    img_num/num_i_i_301_n_0
    SLICE_X51Y86         CARRY4 (Prop_carry4_CI_O[1])
                                                      0.334    14.782 r  img_num/num_i_i_196/O[1]
                         net (fo=3, routed)           0.683    15.465    vga_sync/num_i_i_93_0[1]
    SLICE_X50Y86         LUT4 (Prop_lut4_I2_O)        0.303    15.768 r  vga_sync/num_i_i_206/O
                         net (fo=1, routed)           0.000    15.768    vga_sync/num_i_i_206_n_0
    SLICE_X50Y86         CARRY4 (Prop_carry4_S[0]_CO[3])
                                                      0.513    16.281 r  vga_sync/num_i_i_93/CO[3]
                         net (fo=4, routed)           0.649    16.929    vga_sync/num_i_i_93_n_0
    SLICE_X50Y87         LUT3 (Prop_lut3_I2_O)        0.124    17.053 r  vga_sync/num_i_i_265/O
                         net (fo=3, routed)           0.307    17.361    vga_sync/num_i_i_265_n_0
    SLICE_X53Y87         LUT5 (Prop_lut5_I2_O)        0.124    17.485 r  vga_sync/num_i_i_171/O
                         net (fo=4, routed)           0.554    18.039    vga_sync/img_num/_bits_bit_T_50[3]
    SLICE_X52Y87         LUT6 (Prop_lut6_I5_O)        0.124    18.163 r  vga_sync/num_i_i_172/O
                         net (fo=3, routed)           0.683    18.846    vga_sync/num_i_i_172_n_0
    SLICE_X52Y87         LUT6 (Prop_lut6_I4_O)        0.124    18.970 r  vga_sync/num_i_i_83/O
                         net (fo=3, routed)           0.605    19.575    vga_sync/num_i_i_83_n_0
    SLICE_X49Y87         LUT6 (Prop_lut6_I5_O)        0.124    19.699 r  vga_sync/num_i_i_47/O
                         net (fo=1, routed)           0.000    19.699    img_num/S[1]
    SLICE_X49Y87         CARRY4 (Prop_carry4_S[2]_CO[3])
                                                      0.398    20.097 r  img_num/num_i_i_25/CO[3]
                         net (fo=1, routed)           0.000    20.097    img_num/num_i_i_25_n_0
    SLICE_X49Y88         CARRY4 (Prop_carry4_CI_O[2])
                                                      0.239    20.336 r  img_num/num_i_i_19/O[2]
                         net (fo=1, routed)           0.489    20.825    img_num/addra4[9]
    SLICE_X49Y90         LUT5 (Prop_lut5_I3_O)        0.302    21.127 r  img_num/num_i_i_3/O
                         net (fo=2, routed)           0.616    21.743    img_num/num_i/U0/inst_blk_mem_gen/gnbram.gnativebmg.native_blk_mem_gen/valid.cstr/ramloop[1].ram.r/prim_init.ram/addra[9]
    RAMB36_X1Y18         RAMB36E1                                     r  img_num/num_i/U0/inst_blk_mem_gen/gnbram.gnativebmg.native_blk_mem_gen/valid.cstr/ramloop[1].ram.r/prim_init.ram/DEVICE_7SERIES.NO_BMM_INFO.SP.SIMPLE_PRIM36.ram/ADDRARDADDR[12]
  -------------------------------------------------------------------    -------------------

                         (clock sys_clk_pin rise edge)
                                                     10.000    10.000 r  
    W5                                                0.000    10.000 r  clock (IN)
                         net (fo=0)                   0.000    10.000    clock
    W5                   IBUF (Prop_ibuf_I_O)         1.388    11.388 r  clock_IBUF_inst/O
                         net (fo=1, routed)           1.862    13.250    clock_IBUF
    BUFGCTRL_X0Y0        BUFG (Prop_bufg_I_O)         0.091    13.341 r  clock_IBUF_BUFG_inst/O
                         net (fo=338, routed)         1.477    14.818    img_num/num_i/U0/inst_blk_mem_gen/gnbram.gnativebmg.native_blk_mem_gen/valid.cstr/ramloop[1].ram.r/prim_init.ram/clka
    RAMB36_X1Y18         RAMB36E1                                     r  img_num/num_i/U0/inst_blk_mem_gen/gnbram.gnativebmg.native_blk_mem_gen/valid.cstr/ramloop[1].ram.r/prim_init.ram/DEVICE_7SERIES.NO_BMM_INFO.SP.SIMPLE_PRIM36.ram/CLKARDCLK
                         clock pessimism              0.272    15.090    
                         clock uncertainty           -0.035    15.055    
    RAMB36_X1Y18         RAMB36E1 (Setup_ramb36e1_CLKARDCLK_ADDRARDADDR[12])
                                                     -0.566    14.489    img_num/num_i/U0/inst_blk_mem_gen/gnbram.gnativebmg.native_blk_mem_gen/valid.cstr/ramloop[1].ram.r/prim_init.ram/DEVICE_7SERIES.NO_BMM_INFO.SP.SIMPLE_PRIM36.ram
  -------------------------------------------------------------------
                         required time                         14.489    
                         arrival time                         -21.743    
  -------------------------------------------------------------------
                         slack                                 -7.254    

Slack (VIOLATED) :        -7.228ns  (required time - arrival time)
  Source:                 num_buy_reg[0]/C
                            (rising edge-triggered cell FDRE clocked by sys_clk_pin  {rise@0.000ns fall@5.000ns period=10.000ns})
  Destination:            img_num/num_i/U0/inst_blk_mem_gen/gnbram.gnativebmg.native_blk_mem_gen/valid.cstr/ramloop[0].ram.r/prim_init.ram/DEVICE_7SERIES.NO_BMM_INFO.SP.SIMPLE_PRIM18.ram/ADDRARDADDR[11]
                            (rising edge-triggered cell RAMB18E1 clocked by sys_clk_pin  {rise@0.000ns fall@5.000ns period=10.000ns})
  Path Group:             sys_clk_pin
  Path Type:              Setup (Max at Slow Process Corner)
  Requirement:            10.000ns  (sys_clk_pin rise@10.000ns - sys_clk_pin rise@0.000ns)
  Data Path Delay:        16.645ns  (logic 6.689ns (40.186%)  route 9.956ns (59.814%))
  Logic Levels:           25  (CARRY4=10 LUT3=4 LUT4=3 LUT5=5 LUT6=3)
  Clock Path Skew:        0.018ns (DCD - SCD + CPR)
    Destination Clock Delay (DCD):    4.816ns = ( 14.816 - 10.000 ) 
    Source Clock Delay      (SCD):    5.070ns
    Clock Pessimism Removal (CPR):    0.272ns
  Clock Uncertainty:      0.035ns  ((TSJ^2 + TIJ^2)^1/2 + DJ) / 2 + PE
    Total System Jitter     (TSJ):    0.071ns
    Total Input Jitter      (TIJ):    0.000ns
    Discrete Jitter          (DJ):    0.000ns
    Phase Error              (PE):    0.000ns

    Location             Delay type                Incr(ns)  Path(ns)    Netlist Resource(s)
  -------------------------------------------------------------------    -------------------
                         (clock sys_clk_pin rise edge)
                                                      0.000     0.000 r  
    W5                                                0.000     0.000 r  clock (IN)
                         net (fo=0)                   0.000     0.000    clock
    W5                   IBUF (Prop_ibuf_I_O)         1.458     1.458 r  clock_IBUF_inst/O
                         net (fo=1, routed)           1.967     3.425    clock_IBUF
    BUFGCTRL_X0Y0        BUFG (Prop_bufg_I_O)         0.096     3.521 r  clock_IBUF_BUFG_inst/O
                         net (fo=338, routed)         1.549     5.070    clock_IBUF_BUFG
    SLICE_X49Y82         FDRE                                         r  num_buy_reg[0]/C
  -------------------------------------------------------------------    -------------------
    SLICE_X49Y82         FDRE (Prop_fdre_C_Q)         0.456     5.526 r  num_buy_reg[0]/Q
                         net (fo=34, routed)          0.866     6.392    img_num/num_buy[0]
    SLICE_X49Y83         LUT3 (Prop_lut3_I1_O)        0.154     6.546 r  img_num/num_total[7]_i_16/O
                         net (fo=4, routed)           0.669     7.214    img_num/num_total[7]_i_16_n_0
    SLICE_X50Y81         LUT4 (Prop_lut4_I0_O)        0.327     7.541 r  img_num/num_total[7]_i_19/O
                         net (fo=1, routed)           0.000     7.541    img_num/num_total[7]_i_19_n_0
    SLICE_X50Y81         CARRY4 (Prop_carry4_S[3]_CO[3])
                                                      0.376     7.917 r  img_num/num_total_reg[7]_i_11/CO[3]
                         net (fo=1, routed)           0.000     7.917    img_num/num_total_reg[7]_i_11_n_0
    SLICE_X50Y82         CARRY4 (Prop_carry4_CI_O[0])
                                                      0.219     8.136 f  img_num/num_total_reg[11]_i_11/O[0]
                         net (fo=4, routed)           0.314     8.450    img_num/p_0_in__0[4]
    SLICE_X51Y84         LUT5 (Prop_lut5_I0_O)        0.295     8.745 r  img_num/num_i_i_356/O
                         net (fo=1, routed)           0.446     9.191    vga_sync/num_i_i_191_1
    SLICE_X53Y81         LUT5 (Prop_lut5_I4_O)        0.124     9.315 f  vga_sync/num_i_i_256/O
                         net (fo=26, routed)          0.691    10.007    vga_sync/num_i_i_256_n_0
    SLICE_X53Y80         LUT3 (Prop_lut3_I0_O)        0.124    10.131 r  vga_sync/num_i_i_386/O
                         net (fo=2, routed)           0.445    10.575    vga_sync/num_i_i_386_n_0
    SLICE_X53Y82         LUT5 (Prop_lut5_I4_O)        0.124    10.699 r  vga_sync/num_i_i_283/O
                         net (fo=2, routed)           0.664    11.363    vga_sync/num_i_i_283_n_0
    SLICE_X52Y82         LUT4 (Prop_lut4_I0_O)        0.124    11.487 r  vga_sync/num_i_i_287/O
                         net (fo=1, routed)           0.000    11.487    vga_sync/num_i_i_287_n_0
    SLICE_X52Y82         CARRY4 (Prop_carry4_S[1]_CO[3])
                                                      0.533    12.020 r  vga_sync/num_i_i_186/CO[3]
                         net (fo=1, routed)           0.000    12.020    vga_sync/num_i_i_186_n_0
    SLICE_X52Y83         CARRY4 (Prop_carry4_CI_CO[3])
                                                      0.117    12.137 r  vga_sync/num_i_i_90/CO[3]
                         net (fo=1, routed)           0.000    12.137    vga_sync/num_i_i_90_n_0
    SLICE_X52Y84         CARRY4 (Prop_carry4_CI_O[3])
                                                      0.315    12.452 r  vga_sync/num_i_i_173/O[3]
                         net (fo=12, routed)          0.632    13.084    img_num/num_i_i_92_0[3]
    SLICE_X53Y85         LUT3 (Prop_lut3_I0_O)        0.307    13.391 r  img_num/num_i_i_390/O
                         net (fo=1, routed)           0.672    14.063    img_num/num_i_i_390_n_0
    SLICE_X51Y85         CARRY4 (Prop_carry4_DI[3]_CO[3])
                                                      0.385    14.448 r  img_num/num_i_i_301/CO[3]
                         net (fo=1, routed)           0.000    14.448    img_num/num_i_i_301_n_0
    SLICE_X51Y86         CARRY4 (Prop_carry4_CI_O[1])
                                                      0.334    14.782 r  img_num/num_i_i_196/O[1]
                         net (fo=3, routed)           0.683    15.465    vga_sync/num_i_i_93_0[1]
    SLICE_X50Y86         LUT4 (Prop_lut4_I2_O)        0.303    15.768 r  vga_sync/num_i_i_206/O
                         net (fo=1, routed)           0.000    15.768    vga_sync/num_i_i_206_n_0
    SLICE_X50Y86         CARRY4 (Prop_carry4_S[0]_CO[3])
                                                      0.513    16.281 r  vga_sync/num_i_i_93/CO[3]
                         net (fo=4, routed)           0.649    16.929    vga_sync/num_i_i_93_n_0
    SLICE_X50Y87         LUT3 (Prop_lut3_I2_O)        0.124    17.053 r  vga_sync/num_i_i_265/O
                         net (fo=3, routed)           0.307    17.361    vga_sync/num_i_i_265_n_0
    SLICE_X53Y87         LUT5 (Prop_lut5_I2_O)        0.124    17.485 r  vga_sync/num_i_i_171/O
                         net (fo=4, routed)           0.554    18.039    vga_sync/img_num/_bits_bit_T_50[3]
    SLICE_X52Y87         LUT6 (Prop_lut6_I5_O)        0.124    18.163 r  vga_sync/num_i_i_172/O
                         net (fo=3, routed)           0.683    18.846    vga_sync/num_i_i_172_n_0
    SLICE_X52Y87         LUT6 (Prop_lut6_I4_O)        0.124    18.970 r  vga_sync/num_i_i_83/O
                         net (fo=3, routed)           0.605    19.575    vga_sync/num_i_i_83_n_0
    SLICE_X49Y87         LUT6 (Prop_lut6_I5_O)        0.124    19.699 r  vga_sync/num_i_i_47/O
                         net (fo=1, routed)           0.000    19.699    img_num/S[1]
    SLICE_X49Y87         CARRY4 (Prop_carry4_S[2]_CO[3])
                                                      0.398    20.097 r  img_num/num_i_i_25/CO[3]
                         net (fo=1, routed)           0.000    20.097    img_num/num_i_i_25_n_0
    SLICE_X49Y88         CARRY4 (Prop_carry4_CI_O[2])
                                                      0.239    20.336 r  img_num/num_i_i_19/O[2]
                         net (fo=1, routed)           0.489    20.825    img_num/addra4[9]
    SLICE_X49Y90         LUT5 (Prop_lut5_I3_O)        0.302    21.127 r  img_num/num_i_i_3/O
                         net (fo=2, routed)           0.588    21.715    img_num/num_i/U0/inst_blk_mem_gen/gnbram.gnativebmg.native_blk_mem_gen/valid.cstr/ramloop[0].ram.r/prim_init.ram/addra[9]
    RAMB18_X1Y34         RAMB18E1                                     r  img_num/num_i/U0/inst_blk_mem_gen/gnbram.gnativebmg.native_blk_mem_gen/valid.cstr/ramloop[0].ram.r/prim_init.ram/DEVICE_7SERIES.NO_BMM_INFO.SP.SIMPLE_PRIM18.ram/ADDRARDADDR[11]
  -------------------------------------------------------------------    -------------------

                         (clock sys_clk_pin rise edge)
                                                     10.000    10.000 r  
    W5                                                0.000    10.000 r  clock (IN)
                         net (fo=0)                   0.000    10.000    clock
    W5                   IBUF (Prop_ibuf_I_O)         1.388    11.388 r  clock_IBUF_inst/O
                         net (fo=1, routed)           1.862    13.250    clock_IBUF
    BUFGCTRL_X0Y0        BUFG (Prop_bufg_I_O)         0.091    13.341 r  clock_IBUF_BUFG_inst/O
                         net (fo=338, routed)         1.475    14.816    img_num/num_i/U0/inst_blk_mem_gen/gnbram.gnativebmg.native_blk_mem_gen/valid.cstr/ramloop[0].ram.r/prim_init.ram/clka
    RAMB18_X1Y34         RAMB18E1                                     r  img_num/num_i/U0/inst_blk_mem_gen/gnbram.gnativebmg.native_blk_mem_gen/valid.cstr/ramloop[0].ram.r/prim_init.ram/DEVICE_7SERIES.NO_BMM_INFO.SP.SIMPLE_PRIM18.ram/CLKARDCLK
                         clock pessimism              0.272    15.088    
                         clock uncertainty           -0.035    15.053    
    RAMB18_X1Y34         RAMB18E1 (Setup_ramb18e1_CLKARDCLK_ADDRARDADDR[11])
                                                     -0.566    14.487    img_num/num_i/U0/inst_blk_mem_gen/gnbram.gnativebmg.native_blk_mem_gen/valid.cstr/ramloop[0].ram.r/prim_init.ram/DEVICE_7SERIES.NO_BMM_INFO.SP.SIMPLE_PRIM18.ram
  -------------------------------------------------------------------
                         required time                         14.487    
                         arrival time                         -21.715    
  -------------------------------------------------------------------
                         slack                                 -7.228    

Slack (VIOLATED) :        -7.153ns  (required time - arrival time)
  Source:                 num_buy_reg[0]/C
                            (rising edge-triggered cell FDRE clocked by sys_clk_pin  {rise@0.000ns fall@5.000ns period=10.000ns})
  Destination:            img_num/num_i/U0/inst_blk_mem_gen/gnbram.gnativebmg.native_blk_mem_gen/valid.cstr/ramloop[0].ram.r/prim_init.ram/DEVICE_7SERIES.NO_BMM_INFO.SP.SIMPLE_PRIM18.ram/ADDRARDADDR[13]
                            (rising edge-triggered cell RAMB18E1 clocked by sys_clk_pin  {rise@0.000ns fall@5.000ns period=10.000ns})
  Path Group:             sys_clk_pin
  Path Type:              Setup (Max at Slow Process Corner)
  Requirement:            10.000ns  (sys_clk_pin rise@10.000ns - sys_clk_pin rise@0.000ns)
  Data Path Delay:        16.570ns  (logic 6.783ns (40.935%)  route 9.787ns (59.065%))
  Logic Levels:           26  (CARRY4=11 LUT3=4 LUT4=3 LUT5=5 LUT6=3)
  Clock Path Skew:        0.018ns (DCD - SCD + CPR)
    Destination Clock Delay (DCD):    4.816ns = ( 14.816 - 10.000 ) 
    Source Clock Delay      (SCD):    5.070ns
    Clock Pessimism Removal (CPR):    0.272ns
  Clock Uncertainty:      0.035ns  ((TSJ^2 + TIJ^2)^1/2 + DJ) / 2 + PE
    Total System Jitter     (TSJ):    0.071ns
    Total Input Jitter      (TIJ):    0.000ns
    Discrete Jitter          (DJ):    0.000ns
    Phase Error              (PE):    0.000ns

    Location             Delay type                Incr(ns)  Path(ns)    Netlist Resource(s)
  -------------------------------------------------------------------    -------------------
                         (clock sys_clk_pin rise edge)
                                                      0.000     0.000 r  
    W5                                                0.000     0.000 r  clock (IN)
                         net (fo=0)                   0.000     0.000    clock
    W5                   IBUF (Prop_ibuf_I_O)         1.458     1.458 r  clock_IBUF_inst/O
                         net (fo=1, routed)           1.967     3.425    clock_IBUF
    BUFGCTRL_X0Y0        BUFG (Prop_bufg_I_O)         0.096     3.521 r  clock_IBUF_BUFG_inst/O
                         net (fo=338, routed)         1.549     5.070    clock_IBUF_BUFG
    SLICE_X49Y82         FDRE                                         r  num_buy_reg[0]/C
  -------------------------------------------------------------------    -------------------
    SLICE_X49Y82         FDRE (Prop_fdre_C_Q)         0.456     5.526 r  num_buy_reg[0]/Q
                         net (fo=34, routed)          0.866     6.392    img_num/num_buy[0]
    SLICE_X49Y83         LUT3 (Prop_lut3_I1_O)        0.154     6.546 r  img_num/num_total[7]_i_16/O
                         net (fo=4, routed)           0.669     7.214    img_num/num_total[7]_i_16_n_0
    SLICE_X50Y81         LUT4 (Prop_lut4_I0_O)        0.327     7.541 r  img_num/num_total[7]_i_19/O
                         net (fo=1, routed)           0.000     7.541    img_num/num_total[7]_i_19_n_0
    SLICE_X50Y81         CARRY4 (Prop_carry4_S[3]_CO[3])
                                                      0.376     7.917 r  img_num/num_total_reg[7]_i_11/CO[3]
                         net (fo=1, routed)           0.000     7.917    img_num/num_total_reg[7]_i_11_n_0
    SLICE_X50Y82         CARRY4 (Prop_carry4_CI_O[0])
                                                      0.219     8.136 f  img_num/num_total_reg[11]_i_11/O[0]
                         net (fo=4, routed)           0.314     8.450    img_num/p_0_in__0[4]
    SLICE_X51Y84         LUT5 (Prop_lut5_I0_O)        0.295     8.745 r  img_num/num_i_i_356/O
                         net (fo=1, routed)           0.446     9.191    vga_sync/num_i_i_191_1
    SLICE_X53Y81         LUT5 (Prop_lut5_I4_O)        0.124     9.315 f  vga_sync/num_i_i_256/O
                         net (fo=26, routed)          0.691    10.007    vga_sync/num_i_i_256_n_0
    SLICE_X53Y80         LUT3 (Prop_lut3_I0_O)        0.124    10.131 r  vga_sync/num_i_i_386/O
                         net (fo=2, routed)           0.445    10.575    vga_sync/num_i_i_386_n_0
    SLICE_X53Y82         LUT5 (Prop_lut5_I4_O)        0.124    10.699 r  vga_sync/num_i_i_283/O
                         net (fo=2, routed)           0.664    11.363    vga_sync/num_i_i_283_n_0
    SLICE_X52Y82         LUT4 (Prop_lut4_I0_O)        0.124    11.487 r  vga_sync/num_i_i_287/O
                         net (fo=1, routed)           0.000    11.487    vga_sync/num_i_i_287_n_0
    SLICE_X52Y82         CARRY4 (Prop_carry4_S[1]_CO[3])
                                                      0.533    12.020 r  vga_sync/num_i_i_186/CO[3]
                         net (fo=1, routed)           0.000    12.020    vga_sync/num_i_i_186_n_0
    SLICE_X52Y83         CARRY4 (Prop_carry4_CI_CO[3])
                                                      0.117    12.137 r  vga_sync/num_i_i_90/CO[3]
                         net (fo=1, routed)           0.000    12.137    vga_sync/num_i_i_90_n_0
    SLICE_X52Y84         CARRY4 (Prop_carry4_CI_O[3])
                                                      0.315    12.452 r  vga_sync/num_i_i_173/O[3]
                         net (fo=12, routed)          0.632    13.084    img_num/num_i_i_92_0[3]
    SLICE_X53Y85         LUT3 (Prop_lut3_I0_O)        0.307    13.391 r  img_num/num_i_i_390/O
                         net (fo=1, routed)           0.672    14.063    img_num/num_i_i_390_n_0
    SLICE_X51Y85         CARRY4 (Prop_carry4_DI[3]_CO[3])
                                                      0.385    14.448 r  img_num/num_i_i_301/CO[3]
                         net (fo=1, routed)           0.000    14.448    img_num/num_i_i_301_n_0
    SLICE_X51Y86         CARRY4 (Prop_carry4_CI_O[1])
                                                      0.334    14.782 r  img_num/num_i_i_196/O[1]
                         net (fo=3, routed)           0.683    15.465    vga_sync/num_i_i_93_0[1]
    SLICE_X50Y86         LUT4 (Prop_lut4_I2_O)        0.303    15.768 r  vga_sync/num_i_i_206/O
                         net (fo=1, routed)           0.000    15.768    vga_sync/num_i_i_206_n_0
    SLICE_X50Y86         CARRY4 (Prop_carry4_S[0]_CO[3])
                                                      0.513    16.281 r  vga_sync/num_i_i_93/CO[3]
                         net (fo=4, routed)           0.649    16.929    vga_sync/num_i_i_93_n_0
    SLICE_X50Y87         LUT3 (Prop_lut3_I2_O)        0.124    17.053 r  vga_sync/num_i_i_265/O
                         net (fo=3, routed)           0.307    17.361    vga_sync/num_i_i_265_n_0
    SLICE_X53Y87         LUT5 (Prop_lut5_I2_O)        0.124    17.485 r  vga_sync/num_i_i_171/O
                         net (fo=4, routed)           0.554    18.039    vga_sync/img_num/_bits_bit_T_50[3]
    SLICE_X52Y87         LUT6 (Prop_lut6_I5_O)        0.124    18.163 r  vga_sync/num_i_i_172/O
                         net (fo=3, routed)           0.683    18.846    vga_sync/num_i_i_172_n_0
    SLICE_X52Y87         LUT6 (Prop_lut6_I4_O)        0.124    18.970 r  vga_sync/num_i_i_83/O
                         net (fo=3, routed)           0.605    19.575    vga_sync/num_i_i_83_n_0
    SLICE_X49Y87         LUT6 (Prop_lut6_I5_O)        0.124    19.699 r  vga_sync/num_i_i_47/O
                         net (fo=1, routed)           0.000    19.699    img_num/S[1]
    SLICE_X49Y87         CARRY4 (Prop_carry4_S[2]_CO[3])
                                                      0.398    20.097 r  img_num/num_i_i_25/CO[3]
                         net (fo=1, routed)           0.000    20.097    img_num/num_i_i_25_n_0
    SLICE_X49Y88         CARRY4 (Prop_carry4_CI_CO[3])
                                                      0.114    20.211 r  img_num/num_i_i_19/CO[3]
                         net (fo=1, routed)           0.000    20.211    img_num/num_i_i_19_n_0
    SLICE_X49Y89         CARRY4 (Prop_carry4_CI_O[0])
                                                      0.222    20.433 r  img_num/num_i_i_16/O[0]
                         net (fo=1, routed)           0.301    20.734    img_num/addra4[11]
    SLICE_X51Y89         LUT5 (Prop_lut5_I3_O)        0.299    21.033 r  img_num/num_i_i_1/O
                         net (fo=2, routed)           0.607    21.640    img_num/num_i/U0/inst_blk_mem_gen/gnbram.gnativebmg.native_blk_mem_gen/valid.cstr/ramloop[0].ram.r/prim_init.ram/addra[11]
    RAMB18_X1Y34         RAMB18E1                                     r  img_num/num_i/U0/inst_blk_mem_gen/gnbram.gnativebmg.native_blk_mem_gen/valid.cstr/ramloop[0].ram.r/prim_init.ram/DEVICE_7SERIES.NO_BMM_INFO.SP.SIMPLE_PRIM18.ram/ADDRARDADDR[13]
  -------------------------------------------------------------------    -------------------

                         (clock sys_clk_pin rise edge)
                                                     10.000    10.000 r  
    W5                                                0.000    10.000 r  clock (IN)
                         net (fo=0)                   0.000    10.000    clock
    W5                   IBUF (Prop_ibuf_I_O)         1.388    11.388 r  clock_IBUF_inst/O
                         net (fo=1, routed)           1.862    13.250    clock_IBUF
    BUFGCTRL_X0Y0        BUFG (Prop_bufg_I_O)         0.091    13.341 r  clock_IBUF_BUFG_inst/O
                         net (fo=338, routed)         1.475    14.816    img_num/num_i/U0/inst_blk_mem_gen/gnbram.gnativebmg.native_blk_mem_gen/valid.cstr/ramloop[0].ram.r/prim_init.ram/clka
    RAMB18_X1Y34         RAMB18E1                                     r  img_num/num_i/U0/inst_blk_mem_gen/gnbram.gnativebmg.native_blk_mem_gen/valid.cstr/ramloop[0].ram.r/prim_init.ram/DEVICE_7SERIES.NO_BMM_INFO.SP.SIMPLE_PRIM18.ram/CLKARDCLK
                         clock pessimism              0.272    15.088    
                         clock uncertainty           -0.035    15.053    
    RAMB18_X1Y34         RAMB18E1 (Setup_ramb18e1_CLKARDCLK_ADDRARDADDR[13])
                                                     -0.566    14.487    img_num/num_i/U0/inst_blk_mem_gen/gnbram.gnativebmg.native_blk_mem_gen/valid.cstr/ramloop[0].ram.r/prim_init.ram/DEVICE_7SERIES.NO_BMM_INFO.SP.SIMPLE_PRIM18.ram
  -------------------------------------------------------------------
                         required time                         14.487    
                         arrival time                         -21.640    
  -------------------------------------------------------------------
                         slack                                 -7.153    

Slack (VIOLATED) :        -7.151ns  (required time - arrival time)
  Source:                 num_buy_reg[0]/C
                            (rising edge-triggered cell FDRE clocked by sys_clk_pin  {rise@0.000ns fall@5.000ns period=10.000ns})
  Destination:            img_num/num_i/U0/inst_blk_mem_gen/gnbram.gnativebmg.native_blk_mem_gen/valid.cstr/ramloop[0].ram.r/prim_init.ram/DEVICE_7SERIES.NO_BMM_INFO.SP.SIMPLE_PRIM18.ram/ADDRARDADDR[10]
                            (rising edge-triggered cell RAMB18E1 clocked by sys_clk_pin  {rise@0.000ns fall@5.000ns period=10.000ns})
  Path Group:             sys_clk_pin
  Path Type:              Setup (Max at Slow Process Corner)
  Requirement:            10.000ns  (sys_clk_pin rise@10.000ns - sys_clk_pin rise@0.000ns)
  Data Path Delay:        16.568ns  (logic 6.785ns (40.953%)  route 9.783ns (59.047%))
  Logic Levels:           25  (CARRY4=10 LUT3=4 LUT4=3 LUT5=5 LUT6=3)
  Clock Path Skew:        0.018ns (DCD - SCD + CPR)
    Destination Clock Delay (DCD):    4.816ns = ( 14.816 - 10.000 ) 
    Source Clock Delay      (SCD):    5.070ns
    Clock Pessimism Removal (CPR):    0.272ns
  Clock Uncertainty:      0.035ns  ((TSJ^2 + TIJ^2)^1/2 + DJ) / 2 + PE
    Total System Jitter     (TSJ):    0.071ns
    Total Input Jitter      (TIJ):    0.000ns
    Discrete Jitter          (DJ):    0.000ns
    Phase Error              (PE):    0.000ns

    Location             Delay type                Incr(ns)  Path(ns)    Netlist Resource(s)
  -------------------------------------------------------------------    -------------------
                         (clock sys_clk_pin rise edge)
                                                      0.000     0.000 r  
    W5                                                0.000     0.000 r  clock (IN)
                         net (fo=0)                   0.000     0.000    clock
    W5                   IBUF (Prop_ibuf_I_O)         1.458     1.458 r  clock_IBUF_inst/O
                         net (fo=1, routed)           1.967     3.425    clock_IBUF
    BUFGCTRL_X0Y0        BUFG (Prop_bufg_I_O)         0.096     3.521 r  clock_IBUF_BUFG_inst/O
                         net (fo=338, routed)         1.549     5.070    clock_IBUF_BUFG
    SLICE_X49Y82         FDRE                                         r  num_buy_reg[0]/C
  -------------------------------------------------------------------    -------------------
    SLICE_X49Y82         FDRE (Prop_fdre_C_Q)         0.456     5.526 r  num_buy_reg[0]/Q
                         net (fo=34, routed)          0.866     6.392    img_num/num_buy[0]
    SLICE_X49Y83         LUT3 (Prop_lut3_I1_O)        0.154     6.546 r  img_num/num_total[7]_i_16/O
                         net (fo=4, routed)           0.669     7.214    img_num/num_total[7]_i_16_n_0
    SLICE_X50Y81         LUT4 (Prop_lut4_I0_O)        0.327     7.541 r  img_num/num_total[7]_i_19/O
                         net (fo=1, routed)           0.000     7.541    img_num/num_total[7]_i_19_n_0
    SLICE_X50Y81         CARRY4 (Prop_carry4_S[3]_CO[3])
                                                      0.376     7.917 r  img_num/num_total_reg[7]_i_11/CO[3]
                         net (fo=1, routed)           0.000     7.917    img_num/num_total_reg[7]_i_11_n_0
    SLICE_X50Y82         CARRY4 (Prop_carry4_CI_O[0])
                                                      0.219     8.136 f  img_num/num_total_reg[11]_i_11/O[0]
                         net (fo=4, routed)           0.314     8.450    img_num/p_0_in__0[4]
    SLICE_X51Y84         LUT5 (Prop_lut5_I0_O)        0.295     8.745 r  img_num/num_i_i_356/O
                         net (fo=1, routed)           0.446     9.191    vga_sync/num_i_i_191_1
    SLICE_X53Y81         LUT5 (Prop_lut5_I4_O)        0.124     9.315 f  vga_sync/num_i_i_256/O
                         net (fo=26, routed)          0.691    10.007    vga_sync/num_i_i_256_n_0
    SLICE_X53Y80         LUT3 (Prop_lut3_I0_O)        0.124    10.131 r  vga_sync/num_i_i_386/O
                         net (fo=2, routed)           0.445    10.575    vga_sync/num_i_i_386_n_0
    SLICE_X53Y82         LUT5 (Prop_lut5_I4_O)        0.124    10.699 r  vga_sync/num_i_i_283/O
                         net (fo=2, routed)           0.664    11.363    vga_sync/num_i_i_283_n_0
    SLICE_X52Y82         LUT4 (Prop_lut4_I0_O)        0.124    11.487 r  vga_sync/num_i_i_287/O
                         net (fo=1, routed)           0.000    11.487    vga_sync/num_i_i_287_n_0
    SLICE_X52Y82         CARRY4 (Prop_carry4_S[1]_CO[3])
                                                      0.533    12.020 r  vga_sync/num_i_i_186/CO[3]
                         net (fo=1, routed)           0.000    12.020    vga_sync/num_i_i_186_n_0
    SLICE_X52Y83         CARRY4 (Prop_carry4_CI_CO[3])
                                                      0.117    12.137 r  vga_sync/num_i_i_90/CO[3]
                         net (fo=1, routed)           0.000    12.137    vga_sync/num_i_i_90_n_0
    SLICE_X52Y84         CARRY4 (Prop_carry4_CI_O[3])
                                                      0.315    12.452 r  vga_sync/num_i_i_173/O[3]
                         net (fo=12, routed)          0.632    13.084    img_num/num_i_i_92_0[3]
    SLICE_X53Y85         LUT3 (Prop_lut3_I0_O)        0.307    13.391 r  img_num/num_i_i_390/O
                         net (fo=1, routed)           0.672    14.063    img_num/num_i_i_390_n_0
    SLICE_X51Y85         CARRY4 (Prop_carry4_DI[3]_CO[3])
                                                      0.385    14.448 r  img_num/num_i_i_301/CO[3]
                         net (fo=1, routed)           0.000    14.448    img_num/num_i_i_301_n_0
    SLICE_X51Y86         CARRY4 (Prop_carry4_CI_O[1])
                                                      0.334    14.782 r  img_num/num_i_i_196/O[1]
                         net (fo=3, routed)           0.683    15.465    vga_sync/num_i_i_93_0[1]
    SLICE_X50Y86         LUT4 (Prop_lut4_I2_O)        0.303    15.768 r  vga_sync/num_i_i_206/O
                         net (fo=1, routed)           0.000    15.768    vga_sync/num_i_i_206_n_0
    SLICE_X50Y86         CARRY4 (Prop_carry4_S[0]_CO[3])
                                                      0.513    16.281 r  vga_sync/num_i_i_93/CO[3]
                         net (fo=4, routed)           0.649    16.929    vga_sync/num_i_i_93_n_0
    SLICE_X50Y87         LUT3 (Prop_lut3_I2_O)        0.124    17.053 r  vga_sync/num_i_i_265/O
                         net (fo=3, routed)           0.307    17.361    vga_sync/num_i_i_265_n_0
    SLICE_X53Y87         LUT5 (Prop_lut5_I2_O)        0.124    17.485 r  vga_sync/num_i_i_171/O
                         net (fo=4, routed)           0.554    18.039    vga_sync/img_num/_bits_bit_T_50[3]
    SLICE_X52Y87         LUT6 (Prop_lut6_I5_O)        0.124    18.163 r  vga_sync/num_i_i_172/O
                         net (fo=3, routed)           0.683    18.846    vga_sync/num_i_i_172_n_0
    SLICE_X52Y87         LUT6 (Prop_lut6_I4_O)        0.124    18.970 r  vga_sync/num_i_i_83/O
                         net (fo=3, routed)           0.605    19.575    vga_sync/num_i_i_83_n_0
    SLICE_X49Y87         LUT6 (Prop_lut6_I5_O)        0.124    19.699 r  vga_sync/num_i_i_47/O
                         net (fo=1, routed)           0.000    19.699    img_num/S[1]
    SLICE_X49Y87         CARRY4 (Prop_carry4_S[2]_CO[3])
                                                      0.398    20.097 r  img_num/num_i_i_25/CO[3]
                         net (fo=1, routed)           0.000    20.097    img_num/num_i_i_25_n_0
    SLICE_X49Y88         CARRY4 (Prop_carry4_CI_O[1])
                                                      0.334    20.431 r  img_num/num_i_i_19/O[1]
                         net (fo=1, routed)           0.303    20.734    img_num/addra4[8]
    SLICE_X48Y89         LUT5 (Prop_lut5_I3_O)        0.303    21.037 r  img_num/num_i_i_4/O
                         net (fo=2, routed)           0.601    21.638    img_num/num_i/U0/inst_blk_mem_gen/gnbram.gnativebmg.native_blk_mem_gen/valid.cstr/ramloop[0].ram.r/prim_init.ram/addra[8]
    RAMB18_X1Y34         RAMB18E1                                     r  img_num/num_i/U0/inst_blk_mem_gen/gnbram.gnativebmg.native_blk_mem_gen/valid.cstr/ramloop[0].ram.r/prim_init.ram/DEVICE_7SERIES.NO_BMM_INFO.SP.SIMPLE_PRIM18.ram/ADDRARDADDR[10]
  -------------------------------------------------------------------    -------------------

                         (clock sys_clk_pin rise edge)
                                                     10.000    10.000 r  
    W5                                                0.000    10.000 r  clock (IN)
                         net (fo=0)                   0.000    10.000    clock
    W5                   IBUF (Prop_ibuf_I_O)         1.388    11.388 r  clock_IBUF_inst/O
                         net (fo=1, routed)           1.862    13.250    clock_IBUF
    BUFGCTRL_X0Y0        BUFG (Prop_bufg_I_O)         0.091    13.341 r  clock_IBUF_BUFG_inst/O
                         net (fo=338, routed)         1.475    14.816    img_num/num_i/U0/inst_blk_mem_gen/gnbram.gnativebmg.native_blk_mem_gen/valid.cstr/ramloop[0].ram.r/prim_init.ram/clka
    RAMB18_X1Y34         RAMB18E1                                     r  img_num/num_i/U0/inst_blk_mem_gen/gnbram.gnativebmg.native_blk_mem_gen/valid.cstr/ramloop[0].ram.r/prim_init.ram/DEVICE_7SERIES.NO_BMM_INFO.SP.SIMPLE_PRIM18.ram/CLKARDCLK
                         clock pessimism              0.272    15.088    
                         clock uncertainty           -0.035    15.053    
    RAMB18_X1Y34         RAMB18E1 (Setup_ramb18e1_CLKARDCLK_ADDRARDADDR[10])
                                                     -0.566    14.487    img_num/num_i/U0/inst_blk_mem_gen/gnbram.gnativebmg.native_blk_mem_gen/valid.cstr/ramloop[0].ram.r/prim_init.ram/DEVICE_7SERIES.NO_BMM_INFO.SP.SIMPLE_PRIM18.ram
  -------------------------------------------------------------------
                         required time                         14.487    
                         arrival time                         -21.638    
  -------------------------------------------------------------------
                         slack                                 -7.151    

Slack (VIOLATED) :        -7.146ns  (required time - arrival time)
  Source:                 num_buy_reg[0]/C
                            (rising edge-triggered cell FDRE clocked by sys_clk_pin  {rise@0.000ns fall@5.000ns period=10.000ns})
  Destination:            img_num/num_i/U0/inst_blk_mem_gen/gnbram.gnativebmg.native_blk_mem_gen/valid.cstr/ramloop[1].ram.r/prim_init.ram/DEVICE_7SERIES.NO_BMM_INFO.SP.SIMPLE_PRIM36.ram/ADDRARDADDR[11]
                            (rising edge-triggered cell RAMB36E1 clocked by sys_clk_pin  {rise@0.000ns fall@5.000ns period=10.000ns})
  Path Group:             sys_clk_pin
  Path Type:              Setup (Max at Slow Process Corner)
  Requirement:            10.000ns  (sys_clk_pin rise@10.000ns - sys_clk_pin rise@0.000ns)
  Data Path Delay:        16.565ns  (logic 6.785ns (40.961%)  route 9.780ns (59.039%))
  Logic Levels:           25  (CARRY4=10 LUT3=4 LUT4=3 LUT5=5 LUT6=3)
  Clock Path Skew:        0.020ns (DCD - SCD + CPR)
    Destination Clock Delay (DCD):    4.818ns = ( 14.818 - 10.000 ) 
    Source Clock Delay      (SCD):    5.070ns
    Clock Pessimism Removal (CPR):    0.272ns
  Clock Uncertainty:      0.035ns  ((TSJ^2 + TIJ^2)^1/2 + DJ) / 2 + PE
    Total System Jitter     (TSJ):    0.071ns
    Total Input Jitter      (TIJ):    0.000ns
    Discrete Jitter          (DJ):    0.000ns
    Phase Error              (PE):    0.000ns

    Location             Delay type                Incr(ns)  Path(ns)    Netlist Resource(s)
  -------------------------------------------------------------------    -------------------
                         (clock sys_clk_pin rise edge)
                                                      0.000     0.000 r  
    W5                                                0.000     0.000 r  clock (IN)
                         net (fo=0)                   0.000     0.000    clock
    W5                   IBUF (Prop_ibuf_I_O)         1.458     1.458 r  clock_IBUF_inst/O
                         net (fo=1, routed)           1.967     3.425    clock_IBUF
    BUFGCTRL_X0Y0        BUFG (Prop_bufg_I_O)         0.096     3.521 r  clock_IBUF_BUFG_inst/O
                         net (fo=338, routed)         1.549     5.070    clock_IBUF_BUFG
    SLICE_X49Y82         FDRE                                         r  num_buy_reg[0]/C
  -------------------------------------------------------------------    -------------------
    SLICE_X49Y82         FDRE (Prop_fdre_C_Q)         0.456     5.526 r  num_buy_reg[0]/Q
                         net (fo=34, routed)          0.866     6.392    img_num/num_buy[0]
    SLICE_X49Y83         LUT3 (Prop_lut3_I1_O)        0.154     6.546 r  img_num/num_total[7]_i_16/O
                         net (fo=4, routed)           0.669     7.214    img_num/num_total[7]_i_16_n_0
    SLICE_X50Y81         LUT4 (Prop_lut4_I0_O)        0.327     7.541 r  img_num/num_total[7]_i_19/O
                         net (fo=1, routed)           0.000     7.541    img_num/num_total[7]_i_19_n_0
    SLICE_X50Y81         CARRY4 (Prop_carry4_S[3]_CO[3])
                                                      0.376     7.917 r  img_num/num_total_reg[7]_i_11/CO[3]
                         net (fo=1, routed)           0.000     7.917    img_num/num_total_reg[7]_i_11_n_0
    SLICE_X50Y82         CARRY4 (Prop_carry4_CI_O[0])
                                                      0.219     8.136 f  img_num/num_total_reg[11]_i_11/O[0]
                         net (fo=4, routed)           0.314     8.450    img_num/p_0_in__0[4]
    SLICE_X51Y84         LUT5 (Prop_lut5_I0_O)        0.295     8.745 r  img_num/num_i_i_356/O
                         net (fo=1, routed)           0.446     9.191    vga_sync/num_i_i_191_1
    SLICE_X53Y81         LUT5 (Prop_lut5_I4_O)        0.124     9.315 f  vga_sync/num_i_i_256/O
                         net (fo=26, routed)          0.691    10.007    vga_sync/num_i_i_256_n_0
    SLICE_X53Y80         LUT3 (Prop_lut3_I0_O)        0.124    10.131 r  vga_sync/num_i_i_386/O
                         net (fo=2, routed)           0.445    10.575    vga_sync/num_i_i_386_n_0
    SLICE_X53Y82         LUT5 (Prop_lut5_I4_O)        0.124    10.699 r  vga_sync/num_i_i_283/O
                         net (fo=2, routed)           0.664    11.363    vga_sync/num_i_i_283_n_0
    SLICE_X52Y82         LUT4 (Prop_lut4_I0_O)        0.124    11.487 r  vga_sync/num_i_i_287/O
                         net (fo=1, routed)           0.000    11.487    vga_sync/num_i_i_287_n_0
    SLICE_X52Y82         CARRY4 (Prop_carry4_S[1]_CO[3])
                                                      0.533    12.020 r  vga_sync/num_i_i_186/CO[3]
                         net (fo=1, routed)           0.000    12.020    vga_sync/num_i_i_186_n_0
    SLICE_X52Y83         CARRY4 (Prop_carry4_CI_CO[3])
                                                      0.117    12.137 r  vga_sync/num_i_i_90/CO[3]
                         net (fo=1, routed)           0.000    12.137    vga_sync/num_i_i_90_n_0
    SLICE_X52Y84         CARRY4 (Prop_carry4_CI_O[3])
                                                      0.315    12.452 r  vga_sync/num_i_i_173/O[3]
                         net (fo=12, routed)          0.632    13.084    img_num/num_i_i_92_0[3]
    SLICE_X53Y85         LUT3 (Prop_lut3_I0_O)        0.307    13.391 r  img_num/num_i_i_390/O
                         net (fo=1, routed)           0.672    14.063    img_num/num_i_i_390_n_0
    SLICE_X51Y85         CARRY4 (Prop_carry4_DI[3]_CO[3])
                                                      0.385    14.448 r  img_num/num_i_i_301/CO[3]
                         net (fo=1, routed)           0.000    14.448    img_num/num_i_i_301_n_0
    SLICE_X51Y86         CARRY4 (Prop_carry4_CI_O[1])
                                                      0.334    14.782 r  img_num/num_i_i_196/O[1]
                         net (fo=3, routed)           0.683    15.465    vga_sync/num_i_i_93_0[1]
    SLICE_X50Y86         LUT4 (Prop_lut4_I2_O)        0.303    15.768 r  vga_sync/num_i_i_206/O
                         net (fo=1, routed)           0.000    15.768    vga_sync/num_i_i_206_n_0
    SLICE_X50Y86         CARRY4 (Prop_carry4_S[0]_CO[3])
                                                      0.513    16.281 r  vga_sync/num_i_i_93/CO[3]
                         net (fo=4, routed)           0.649    16.929    vga_sync/num_i_i_93_n_0
    SLICE_X50Y87         LUT3 (Prop_lut3_I2_O)        0.124    17.053 r  vga_sync/num_i_i_265/O
                         net (fo=3, routed)           0.307    17.361    vga_sync/num_i_i_265_n_0
    SLICE_X53Y87         LUT5 (Prop_lut5_I2_O)        0.124    17.485 r  vga_sync/num_i_i_171/O
                         net (fo=4, routed)           0.554    18.039    vga_sync/img_num/_bits_bit_T_50[3]
    SLICE_X52Y87         LUT6 (Prop_lut6_I5_O)        0.124    18.163 r  vga_sync/num_i_i_172/O
                         net (fo=3, routed)           0.683    18.846    vga_sync/num_i_i_172_n_0
    SLICE_X52Y87         LUT6 (Prop_lut6_I4_O)        0.124    18.970 r  vga_sync/num_i_i_83/O
                         net (fo=3, routed)           0.605    19.575    vga_sync/num_i_i_83_n_0
    SLICE_X49Y87         LUT6 (Prop_lut6_I5_O)        0.124    19.699 r  vga_sync/num_i_i_47/O
                         net (fo=1, routed)           0.000    19.699    img_num/S[1]
    SLICE_X49Y87         CARRY4 (Prop_carry4_S[2]_CO[3])
                                                      0.398    20.097 r  img_num/num_i_i_25/CO[3]
                         net (fo=1, routed)           0.000    20.097    img_num/num_i_i_25_n_0
    SLICE_X49Y88         CARRY4 (Prop_carry4_CI_O[1])
                                                      0.334    20.431 r  img_num/num_i_i_19/O[1]
                         net (fo=1, routed)           0.303    20.734    img_num/addra4[8]
    SLICE_X48Y89         LUT5 (Prop_lut5_I3_O)        0.303    21.037 r  img_num/num_i_i_4/O
                         net (fo=2, routed)           0.597    21.634    img_num/num_i/U0/inst_blk_mem_gen/gnbram.gnativebmg.native_blk_mem_gen/valid.cstr/ramloop[1].ram.r/prim_init.ram/addra[8]
    RAMB36_X1Y18         RAMB36E1                                     r  img_num/num_i/U0/inst_blk_mem_gen/gnbram.gnativebmg.native_blk_mem_gen/valid.cstr/ramloop[1].ram.r/prim_init.ram/DEVICE_7SERIES.NO_BMM_INFO.SP.SIMPLE_PRIM36.ram/ADDRARDADDR[11]
  -------------------------------------------------------------------    -------------------

                         (clock sys_clk_pin rise edge)
                                                     10.000    10.000 r  
    W5                                                0.000    10.000 r  clock (IN)
                         net (fo=0)                   0.000    10.000    clock
    W5                   IBUF (Prop_ibuf_I_O)         1.388    11.388 r  clock_IBUF_inst/O
                         net (fo=1, routed)           1.862    13.250    clock_IBUF
    BUFGCTRL_X0Y0        BUFG (Prop_bufg_I_O)         0.091    13.341 r  clock_IBUF_BUFG_inst/O
                         net (fo=338, routed)         1.477    14.818    img_num/num_i/U0/inst_blk_mem_gen/gnbram.gnativebmg.native_blk_mem_gen/valid.cstr/ramloop[1].ram.r/prim_init.ram/clka
    RAMB36_X1Y18         RAMB36E1                                     r  img_num/num_i/U0/inst_blk_mem_gen/gnbram.gnativebmg.native_blk_mem_gen/valid.cstr/ramloop[1].ram.r/prim_init.ram/DEVICE_7SERIES.NO_BMM_INFO.SP.SIMPLE_PRIM36.ram/CLKARDCLK
                         clock pessimism              0.272    15.090    
                         clock uncertainty           -0.035    15.055    
    RAMB36_X1Y18         RAMB36E1 (Setup_ramb36e1_CLKARDCLK_ADDRARDADDR[11])
                                                     -0.566    14.489    img_num/num_i/U0/inst_blk_mem_gen/gnbram.gnativebmg.native_blk_mem_gen/valid.cstr/ramloop[1].ram.r/prim_init.ram/DEVICE_7SERIES.NO_BMM_INFO.SP.SIMPLE_PRIM36.ram
  -------------------------------------------------------------------
                         required time                         14.489    
                         arrival time                         -21.634    
  -------------------------------------------------------------------
                         slack                                 -7.146    

Slack (VIOLATED) :        -7.137ns  (required time - arrival time)
  Source:                 num_buy_reg[0]/C
                            (rising edge-triggered cell FDRE clocked by sys_clk_pin  {rise@0.000ns fall@5.000ns period=10.000ns})
  Destination:            img_num/num_i/U0/inst_blk_mem_gen/gnbram.gnativebmg.native_blk_mem_gen/valid.cstr/ramloop[0].ram.r/prim_init.ram/DEVICE_7SERIES.NO_BMM_INFO.SP.SIMPLE_PRIM18.ram/ADDRARDADDR[12]
                            (rising edge-triggered cell RAMB18E1 clocked by sys_clk_pin  {rise@0.000ns fall@5.000ns period=10.000ns})
  Path Group:             sys_clk_pin
  Path Type:              Setup (Max at Slow Process Corner)
  Requirement:            10.000ns  (sys_clk_pin rise@10.000ns - sys_clk_pin rise@0.000ns)
  Data Path Delay:        16.554ns  (logic 6.767ns (40.878%)  route 9.787ns (59.122%))
  Logic Levels:           25  (CARRY4=10 LUT3=4 LUT4=3 LUT5=5 LUT6=3)
  Clock Path Skew:        0.018ns (DCD - SCD + CPR)
    Destination Clock Delay (DCD):    4.816ns = ( 14.816 - 10.000 ) 
    Source Clock Delay      (SCD):    5.070ns
    Clock Pessimism Removal (CPR):    0.272ns
  Clock Uncertainty:      0.035ns  ((TSJ^2 + TIJ^2)^1/2 + DJ) / 2 + PE
    Total System Jitter     (TSJ):    0.071ns
    Total Input Jitter      (TIJ):    0.000ns
    Discrete Jitter          (DJ):    0.000ns
    Phase Error              (PE):    0.000ns

    Location             Delay type                Incr(ns)  Path(ns)    Netlist Resource(s)
  -------------------------------------------------------------------    -------------------
                         (clock sys_clk_pin rise edge)
                                                      0.000     0.000 r  
    W5                                                0.000     0.000 r  clock (IN)
                         net (fo=0)                   0.000     0.000    clock
    W5                   IBUF (Prop_ibuf_I_O)         1.458     1.458 r  clock_IBUF_inst/O
                         net (fo=1, routed)           1.967     3.425    clock_IBUF
    BUFGCTRL_X0Y0        BUFG (Prop_bufg_I_O)         0.096     3.521 r  clock_IBUF_BUFG_inst/O
                         net (fo=338, routed)         1.549     5.070    clock_IBUF_BUFG
    SLICE_X49Y82         FDRE                                         r  num_buy_reg[0]/C
  -------------------------------------------------------------------    -------------------
    SLICE_X49Y82         FDRE (Prop_fdre_C_Q)         0.456     5.526 r  num_buy_reg[0]/Q
                         net (fo=34, routed)          0.866     6.392    img_num/num_buy[0]
    SLICE_X49Y83         LUT3 (Prop_lut3_I1_O)        0.154     6.546 r  img_num/num_total[7]_i_16/O
                         net (fo=4, routed)           0.669     7.214    img_num/num_total[7]_i_16_n_0
    SLICE_X50Y81         LUT4 (Prop_lut4_I0_O)        0.327     7.541 r  img_num/num_total[7]_i_19/O
                         net (fo=1, routed)           0.000     7.541    img_num/num_total[7]_i_19_n_0
    SLICE_X50Y81         CARRY4 (Prop_carry4_S[3]_CO[3])
                                                      0.376     7.917 r  img_num/num_total_reg[7]_i_11/CO[3]
                         net (fo=1, routed)           0.000     7.917    img_num/num_total_reg[7]_i_11_n_0
    SLICE_X50Y82         CARRY4 (Prop_carry4_CI_O[0])
                                                      0.219     8.136 f  img_num/num_total_reg[11]_i_11/O[0]
                         net (fo=4, routed)           0.314     8.450    img_num/p_0_in__0[4]
    SLICE_X51Y84         LUT5 (Prop_lut5_I0_O)        0.295     8.745 r  img_num/num_i_i_356/O
                         net (fo=1, routed)           0.446     9.191    vga_sync/num_i_i_191_1
    SLICE_X53Y81         LUT5 (Prop_lut5_I4_O)        0.124     9.315 f  vga_sync/num_i_i_256/O
                         net (fo=26, routed)          0.691    10.007    vga_sync/num_i_i_256_n_0
    SLICE_X53Y80         LUT3 (Prop_lut3_I0_O)        0.124    10.131 r  vga_sync/num_i_i_386/O
                         net (fo=2, routed)           0.445    10.575    vga_sync/num_i_i_386_n_0
    SLICE_X53Y82         LUT5 (Prop_lut5_I4_O)        0.124    10.699 r  vga_sync/num_i_i_283/O
                         net (fo=2, routed)           0.664    11.363    vga_sync/num_i_i_283_n_0
    SLICE_X52Y82         LUT4 (Prop_lut4_I0_O)        0.124    11.487 r  vga_sync/num_i_i_287/O
                         net (fo=1, routed)           0.000    11.487    vga_sync/num_i_i_287_n_0
    SLICE_X52Y82         CARRY4 (Prop_carry4_S[1]_CO[3])
                                                      0.533    12.020 r  vga_sync/num_i_i_186/CO[3]
                         net (fo=1, routed)           0.000    12.020    vga_sync/num_i_i_186_n_0
    SLICE_X52Y83         CARRY4 (Prop_carry4_CI_CO[3])
                                                      0.117    12.137 r  vga_sync/num_i_i_90/CO[3]
                         net (fo=1, routed)           0.000    12.137    vga_sync/num_i_i_90_n_0
    SLICE_X52Y84         CARRY4 (Prop_carry4_CI_O[3])
                                                      0.315    12.452 r  vga_sync/num_i_i_173/O[3]
                         net (fo=12, routed)          0.632    13.084    img_num/num_i_i_92_0[3]
    SLICE_X53Y85         LUT3 (Prop_lut3_I0_O)        0.307    13.391 r  img_num/num_i_i_390/O
                         net (fo=1, routed)           0.672    14.063    img_num/num_i_i_390_n_0
    SLICE_X51Y85         CARRY4 (Prop_carry4_DI[3]_CO[3])
                                                      0.385    14.448 r  img_num/num_i_i_301/CO[3]
                         net (fo=1, routed)           0.000    14.448    img_num/num_i_i_301_n_0
    SLICE_X51Y86         CARRY4 (Prop_carry4_CI_O[1])
                                                      0.334    14.782 r  img_num/num_i_i_196/O[1]
                         net (fo=3, routed)           0.683    15.465    vga_sync/num_i_i_93_0[1]
    SLICE_X50Y86         LUT4 (Prop_lut4_I2_O)        0.303    15.768 r  vga_sync/num_i_i_206/O
                         net (fo=1, routed)           0.000    15.768    vga_sync/num_i_i_206_n_0
    SLICE_X50Y86         CARRY4 (Prop_carry4_S[0]_CO[3])
                                                      0.513    16.281 r  vga_sync/num_i_i_93/CO[3]
                         net (fo=4, routed)           0.649    16.929    vga_sync/num_i_i_93_n_0
    SLICE_X50Y87         LUT3 (Prop_lut3_I2_O)        0.124    17.053 r  vga_sync/num_i_i_265/O
                         net (fo=3, routed)           0.307    17.361    vga_sync/num_i_i_265_n_0
    SLICE_X53Y87         LUT5 (Prop_lut5_I2_O)        0.124    17.485 r  vga_sync/num_i_i_171/O
                         net (fo=4, routed)           0.554    18.039    vga_sync/img_num/_bits_bit_T_50[3]
    SLICE_X52Y87         LUT6 (Prop_lut6_I5_O)        0.124    18.163 r  vga_sync/num_i_i_172/O
                         net (fo=3, routed)           0.683    18.846    vga_sync/num_i_i_172_n_0
    SLICE_X52Y87         LUT6 (Prop_lut6_I4_O)        0.124    18.970 r  vga_sync/num_i_i_83/O
                         net (fo=3, routed)           0.605    19.575    vga_sync/num_i_i_83_n_0
    SLICE_X49Y87         LUT6 (Prop_lut6_I5_O)        0.124    19.699 r  vga_sync/num_i_i_47/O
                         net (fo=1, routed)           0.000    19.699    img_num/S[1]
    SLICE_X49Y87         CARRY4 (Prop_carry4_S[2]_CO[3])
                                                      0.398    20.097 r  img_num/num_i_i_25/CO[3]
                         net (fo=1, routed)           0.000    20.097    img_num/num_i_i_25_n_0
    SLICE_X49Y88         CARRY4 (Prop_carry4_CI_O[3])
                                                      0.313    20.410 r  img_num/num_i_i_19/O[3]
                         net (fo=1, routed)           0.307    20.717    img_num/addra4[10]
    SLICE_X48Y89         LUT5 (Prop_lut5_I3_O)        0.306    21.023 r  img_num/num_i_i_2/O
                         net (fo=2, routed)           0.601    21.624    img_num/num_i/U0/inst_blk_mem_gen/gnbram.gnativebmg.native_blk_mem_gen/valid.cstr/ramloop[0].ram.r/prim_init.ram/addra[10]
    RAMB18_X1Y34         RAMB18E1                                     r  img_num/num_i/U0/inst_blk_mem_gen/gnbram.gnativebmg.native_blk_mem_gen/valid.cstr/ramloop[0].ram.r/prim_init.ram/DEVICE_7SERIES.NO_BMM_INFO.SP.SIMPLE_PRIM18.ram/ADDRARDADDR[12]
  -------------------------------------------------------------------    -------------------

                         (clock sys_clk_pin rise edge)
                                                     10.000    10.000 r  
    W5                                                0.000    10.000 r  clock (IN)
                         net (fo=0)                   0.000    10.000    clock
    W5                   IBUF (Prop_ibuf_I_O)         1.388    11.388 r  clock_IBUF_inst/O
                         net (fo=1, routed)           1.862    13.250    clock_IBUF
    BUFGCTRL_X0Y0        BUFG (Prop_bufg_I_O)         0.091    13.341 r  clock_IBUF_BUFG_inst/O
                         net (fo=338, routed)         1.475    14.816    img_num/num_i/U0/inst_blk_mem_gen/gnbram.gnativebmg.native_blk_mem_gen/valid.cstr/ramloop[0].ram.r/prim_init.ram/clka
    RAMB18_X1Y34         RAMB18E1                                     r  img_num/num_i/U0/inst_blk_mem_gen/gnbram.gnativebmg.native_blk_mem_gen/valid.cstr/ramloop[0].ram.r/prim_init.ram/DEVICE_7SERIES.NO_BMM_INFO.SP.SIMPLE_PRIM18.ram/CLKARDCLK
                         clock pessimism              0.272    15.088    
                         clock uncertainty           -0.035    15.053    
    RAMB18_X1Y34         RAMB18E1 (Setup_ramb18e1_CLKARDCLK_ADDRARDADDR[12])
                                                     -0.566    14.487    img_num/num_i/U0/inst_blk_mem_gen/gnbram.gnativebmg.native_blk_mem_gen/valid.cstr/ramloop[0].ram.r/prim_init.ram/DEVICE_7SERIES.NO_BMM_INFO.SP.SIMPLE_PRIM18.ram
  -------------------------------------------------------------------
                         required time                         14.487    
                         arrival time                         -21.624    
  -------------------------------------------------------------------
                         slack                                 -7.137    

Slack (VIOLATED) :        -7.132ns  (required time - arrival time)
  Source:                 num_buy_reg[0]/C
                            (rising edge-triggered cell FDRE clocked by sys_clk_pin  {rise@0.000ns fall@5.000ns period=10.000ns})
  Destination:            img_num/num_i/U0/inst_blk_mem_gen/gnbram.gnativebmg.native_blk_mem_gen/valid.cstr/ramloop[1].ram.r/prim_init.ram/DEVICE_7SERIES.NO_BMM_INFO.SP.SIMPLE_PRIM36.ram/ADDRARDADDR[13]
                            (rising edge-triggered cell RAMB36E1 clocked by sys_clk_pin  {rise@0.000ns fall@5.000ns period=10.000ns})
  Path Group:             sys_clk_pin
  Path Type:              Setup (Max at Slow Process Corner)
  Requirement:            10.000ns  (sys_clk_pin rise@10.000ns - sys_clk_pin rise@0.000ns)
  Data Path Delay:        16.551ns  (logic 6.767ns (40.886%)  route 9.784ns (59.114%))
  Logic Levels:           25  (CARRY4=10 LUT3=4 LUT4=3 LUT5=5 LUT6=3)
  Clock Path Skew:        0.020ns (DCD - SCD + CPR)
    Destination Clock Delay (DCD):    4.818ns = ( 14.818 - 10.000 ) 
    Source Clock Delay      (SCD):    5.070ns
    Clock Pessimism Removal (CPR):    0.272ns
  Clock Uncertainty:      0.035ns  ((TSJ^2 + TIJ^2)^1/2 + DJ) / 2 + PE
    Total System Jitter     (TSJ):    0.071ns
    Total Input Jitter      (TIJ):    0.000ns
    Discrete Jitter          (DJ):    0.000ns
    Phase Error              (PE):    0.000ns

    Location             Delay type                Incr(ns)  Path(ns)    Netlist Resource(s)
  -------------------------------------------------------------------    -------------------
                         (clock sys_clk_pin rise edge)
                                                      0.000     0.000 r  
    W5                                                0.000     0.000 r  clock (IN)
                         net (fo=0)                   0.000     0.000    clock
    W5                   IBUF (Prop_ibuf_I_O)         1.458     1.458 r  clock_IBUF_inst/O
                         net (fo=1, routed)           1.967     3.425    clock_IBUF
    BUFGCTRL_X0Y0        BUFG (Prop_bufg_I_O)         0.096     3.521 r  clock_IBUF_BUFG_inst/O
                         net (fo=338, routed)         1.549     5.070    clock_IBUF_BUFG
    SLICE_X49Y82         FDRE                                         r  num_buy_reg[0]/C
  -------------------------------------------------------------------    -------------------
    SLICE_X49Y82         FDRE (Prop_fdre_C_Q)         0.456     5.526 r  num_buy_reg[0]/Q
                         net (fo=34, routed)          0.866     6.392    img_num/num_buy[0]
    SLICE_X49Y83         LUT3 (Prop_lut3_I1_O)        0.154     6.546 r  img_num/num_total[7]_i_16/O
                         net (fo=4, routed)           0.669     7.214    img_num/num_total[7]_i_16_n_0
    SLICE_X50Y81         LUT4 (Prop_lut4_I0_O)        0.327     7.541 r  img_num/num_total[7]_i_19/O
                         net (fo=1, routed)           0.000     7.541    img_num/num_total[7]_i_19_n_0
    SLICE_X50Y81         CARRY4 (Prop_carry4_S[3]_CO[3])
                                                      0.376     7.917 r  img_num/num_total_reg[7]_i_11/CO[3]
                         net (fo=1, routed)           0.000     7.917    img_num/num_total_reg[7]_i_11_n_0
    SLICE_X50Y82         CARRY4 (Prop_carry4_CI_O[0])
                                                      0.219     8.136 f  img_num/num_total_reg[11]_i_11/O[0]
                         net (fo=4, routed)           0.314     8.450    img_num/p_0_in__0[4]
    SLICE_X51Y84         LUT5 (Prop_lut5_I0_O)        0.295     8.745 r  img_num/num_i_i_356/O
                         net (fo=1, routed)           0.446     9.191    vga_sync/num_i_i_191_1
    SLICE_X53Y81         LUT5 (Prop_lut5_I4_O)        0.124     9.315 f  vga_sync/num_i_i_256/O
                         net (fo=26, routed)          0.691    10.007    vga_sync/num_i_i_256_n_0
    SLICE_X53Y80         LUT3 (Prop_lut3_I0_O)        0.124    10.131 r  vga_sync/num_i_i_386/O
                         net (fo=2, routed)           0.445    10.575    vga_sync/num_i_i_386_n_0
    SLICE_X53Y82         LUT5 (Prop_lut5_I4_O)        0.124    10.699 r  vga_sync/num_i_i_283/O
                         net (fo=2, routed)           0.664    11.363    vga_sync/num_i_i_283_n_0
    SLICE_X52Y82         LUT4 (Prop_lut4_I0_O)        0.124    11.487 r  vga_sync/num_i_i_287/O
                         net (fo=1, routed)           0.000    11.487    vga_sync/num_i_i_287_n_0
    SLICE_X52Y82         CARRY4 (Prop_carry4_S[1]_CO[3])
                                                      0.533    12.020 r  vga_sync/num_i_i_186/CO[3]
                         net (fo=1, routed)           0.000    12.020    vga_sync/num_i_i_186_n_0
    SLICE_X52Y83         CARRY4 (Prop_carry4_CI_CO[3])
                                                      0.117    12.137 r  vga_sync/num_i_i_90/CO[3]
                         net (fo=1, routed)           0.000    12.137    vga_sync/num_i_i_90_n_0
    SLICE_X52Y84         CARRY4 (Prop_carry4_CI_O[3])
                                                      0.315    12.452 r  vga_sync/num_i_i_173/O[3]
                         net (fo=12, routed)          0.632    13.084    img_num/num_i_i_92_0[3]
    SLICE_X53Y85         LUT3 (Prop_lut3_I0_O)        0.307    13.391 r  img_num/num_i_i_390/O
                         net (fo=1, routed)           0.672    14.063    img_num/num_i_i_390_n_0
    SLICE_X51Y85         CARRY4 (Prop_carry4_DI[3]_CO[3])
                                                      0.385    14.448 r  img_num/num_i_i_301/CO[3]
                         net (fo=1, routed)           0.000    14.448    img_num/num_i_i_301_n_0
    SLICE_X51Y86         CARRY4 (Prop_carry4_CI_O[1])
                                                      0.334    14.782 r  img_num/num_i_i_196/O[1]
                         net (fo=3, routed)           0.683    15.465    vga_sync/num_i_i_93_0[1]
    SLICE_X50Y86         LUT4 (Prop_lut4_I2_O)        0.303    15.768 r  vga_sync/num_i_i_206/O
                         net (fo=1, routed)           0.000    15.768    vga_sync/num_i_i_206_n_0
    SLICE_X50Y86         CARRY4 (Prop_carry4_S[0]_CO[3])
                                                      0.513    16.281 r  vga_sync/num_i_i_93/CO[3]
                         net (fo=4, routed)           0.649    16.929    vga_sync/num_i_i_93_n_0
    SLICE_X50Y87         LUT3 (Prop_lut3_I2_O)        0.124    17.053 r  vga_sync/num_i_i_265/O
                         net (fo=3, routed)           0.307    17.361    vga_sync/num_i_i_265_n_0
    SLICE_X53Y87         LUT5 (Prop_lut5_I2_O)        0.124    17.485 r  vga_sync/num_i_i_171/O
                         net (fo=4, routed)           0.554    18.039    vga_sync/img_num/_bits_bit_T_50[3]
    SLICE_X52Y87         LUT6 (Prop_lut6_I5_O)        0.124    18.163 r  vga_sync/num_i_i_172/O
                         net (fo=3, routed)           0.683    18.846    vga_sync/num_i_i_172_n_0
    SLICE_X52Y87         LUT6 (Prop_lut6_I4_O)        0.124    18.970 r  vga_sync/num_i_i_83/O
                         net (fo=3, routed)           0.605    19.575    vga_sync/num_i_i_83_n_0
    SLICE_X49Y87         LUT6 (Prop_lut6_I5_O)        0.124    19.699 r  vga_sync/num_i_i_47/O
                         net (fo=1, routed)           0.000    19.699    img_num/S[1]
    SLICE_X49Y87         CARRY4 (Prop_carry4_S[2]_CO[3])
                                                      0.398    20.097 r  img_num/num_i_i_25/CO[3]
                         net (fo=1, routed)           0.000    20.097    img_num/num_i_i_25_n_0
    SLICE_X49Y88         CARRY4 (Prop_carry4_CI_O[3])
                                                      0.313    20.410 r  img_num/num_i_i_19/O[3]
                         net (fo=1, routed)           0.307    20.717    img_num/addra4[10]
    SLICE_X48Y89         LUT5 (Prop_lut5_I3_O)        0.306    21.023 r  img_num/num_i_i_2/O
                         net (fo=2, routed)           0.598    21.621    img_num/num_i/U0/inst_blk_mem_gen/gnbram.gnativebmg.native_blk_mem_gen/valid.cstr/ramloop[1].ram.r/prim_init.ram/addra[10]
    RAMB36_X1Y18         RAMB36E1                                     r  img_num/num_i/U0/inst_blk_mem_gen/gnbram.gnativebmg.native_blk_mem_gen/valid.cstr/ramloop[1].ram.r/prim_init.ram/DEVICE_7SERIES.NO_BMM_INFO.SP.SIMPLE_PRIM36.ram/ADDRARDADDR[13]
  -------------------------------------------------------------------    -------------------

                         (clock sys_clk_pin rise edge)
                                                     10.000    10.000 r  
    W5                                                0.000    10.000 r  clock (IN)
                         net (fo=0)                   0.000    10.000    clock
    W5                   IBUF (Prop_ibuf_I_O)         1.388    11.388 r  clock_IBUF_inst/O
                         net (fo=1, routed)           1.862    13.250    clock_IBUF
    BUFGCTRL_X0Y0        BUFG (Prop_bufg_I_O)         0.091    13.341 r  clock_IBUF_BUFG_inst/O
                         net (fo=338, routed)         1.477    14.818    img_num/num_i/U0/inst_blk_mem_gen/gnbram.gnativebmg.native_blk_mem_gen/valid.cstr/ramloop[1].ram.r/prim_init.ram/clka
    RAMB36_X1Y18         RAMB36E1                                     r  img_num/num_i/U0/inst_blk_mem_gen/gnbram.gnativebmg.native_blk_mem_gen/valid.cstr/ramloop[1].ram.r/prim_init.ram/DEVICE_7SERIES.NO_BMM_INFO.SP.SIMPLE_PRIM36.ram/CLKARDCLK
                         clock pessimism              0.272    15.090    
                         clock uncertainty           -0.035    15.055    
    RAMB36_X1Y18         RAMB36E1 (Setup_ramb36e1_CLKARDCLK_ADDRARDADDR[13])
                                                     -0.566    14.489    img_num/num_i/U0/inst_blk_mem_gen/gnbram.gnativebmg.native_blk_mem_gen/valid.cstr/ramloop[1].ram.r/prim_init.ram/DEVICE_7SERIES.NO_BMM_INFO.SP.SIMPLE_PRIM36.ram
  -------------------------------------------------------------------
                         required time                         14.489    
                         arrival time                         -21.621    
  -------------------------------------------------------------------
                         slack                                 -7.132    

Slack (VIOLATED) :        -7.028ns  (required time - arrival time)
  Source:                 num_buy_reg[0]/C
                            (rising edge-triggered cell FDRE clocked by sys_clk_pin  {rise@0.000ns fall@5.000ns period=10.000ns})
  Destination:            img_num/num_i/U0/inst_blk_mem_gen/gnbram.gnativebmg.native_blk_mem_gen/valid.cstr/ramloop[0].ram.r/prim_init.ram/DEVICE_7SERIES.NO_BMM_INFO.SP.SIMPLE_PRIM18.ram/ADDRARDADDR[9]
                            (rising edge-triggered cell RAMB18E1 clocked by sys_clk_pin  {rise@0.000ns fall@5.000ns period=10.000ns})
  Path Group:             sys_clk_pin
  Path Type:              Setup (Max at Slow Process Corner)
  Requirement:            10.000ns  (sys_clk_pin rise@10.000ns - sys_clk_pin rise@0.000ns)
  Data Path Delay:        16.445ns  (logic 6.669ns (40.553%)  route 9.776ns (59.447%))
  Logic Levels:           25  (CARRY4=10 LUT3=4 LUT4=3 LUT5=5 LUT6=3)
  Clock Path Skew:        0.018ns (DCD - SCD + CPR)
    Destination Clock Delay (DCD):    4.816ns = ( 14.816 - 10.000 ) 
    Source Clock Delay      (SCD):    5.070ns
    Clock Pessimism Removal (CPR):    0.272ns
  Clock Uncertainty:      0.035ns  ((TSJ^2 + TIJ^2)^1/2 + DJ) / 2 + PE
    Total System Jitter     (TSJ):    0.071ns
    Total Input Jitter      (TIJ):    0.000ns
    Discrete Jitter          (DJ):    0.000ns
    Phase Error              (PE):    0.000ns

    Location             Delay type                Incr(ns)  Path(ns)    Netlist Resource(s)
  -------------------------------------------------------------------    -------------------
                         (clock sys_clk_pin rise edge)
                                                      0.000     0.000 r  
    W5                                                0.000     0.000 r  clock (IN)
                         net (fo=0)                   0.000     0.000    clock
    W5                   IBUF (Prop_ibuf_I_O)         1.458     1.458 r  clock_IBUF_inst/O
                         net (fo=1, routed)           1.967     3.425    clock_IBUF
    BUFGCTRL_X0Y0        BUFG (Prop_bufg_I_O)         0.096     3.521 r  clock_IBUF_BUFG_inst/O
                         net (fo=338, routed)         1.549     5.070    clock_IBUF_BUFG
    SLICE_X49Y82         FDRE                                         r  num_buy_reg[0]/C
  -------------------------------------------------------------------    -------------------
    SLICE_X49Y82         FDRE (Prop_fdre_C_Q)         0.456     5.526 r  num_buy_reg[0]/Q
                         net (fo=34, routed)          0.866     6.392    img_num/num_buy[0]
    SLICE_X49Y83         LUT3 (Prop_lut3_I1_O)        0.154     6.546 r  img_num/num_total[7]_i_16/O
                         net (fo=4, routed)           0.669     7.214    img_num/num_total[7]_i_16_n_0
    SLICE_X50Y81         LUT4 (Prop_lut4_I0_O)        0.327     7.541 r  img_num/num_total[7]_i_19/O
                         net (fo=1, routed)           0.000     7.541    img_num/num_total[7]_i_19_n_0
    SLICE_X50Y81         CARRY4 (Prop_carry4_S[3]_CO[3])
                                                      0.376     7.917 r  img_num/num_total_reg[7]_i_11/CO[3]
                         net (fo=1, routed)           0.000     7.917    img_num/num_total_reg[7]_i_11_n_0
    SLICE_X50Y82         CARRY4 (Prop_carry4_CI_O[0])
                                                      0.219     8.136 f  img_num/num_total_reg[11]_i_11/O[0]
                         net (fo=4, routed)           0.314     8.450    img_num/p_0_in__0[4]
    SLICE_X51Y84         LUT5 (Prop_lut5_I0_O)        0.295     8.745 r  img_num/num_i_i_356/O
                         net (fo=1, routed)           0.446     9.191    vga_sync/num_i_i_191_1
    SLICE_X53Y81         LUT5 (Prop_lut5_I4_O)        0.124     9.315 f  vga_sync/num_i_i_256/O
                         net (fo=26, routed)          0.691    10.007    vga_sync/num_i_i_256_n_0
    SLICE_X53Y80         LUT3 (Prop_lut3_I0_O)        0.124    10.131 r  vga_sync/num_i_i_386/O
                         net (fo=2, routed)           0.445    10.575    vga_sync/num_i_i_386_n_0
    SLICE_X53Y82         LUT5 (Prop_lut5_I4_O)        0.124    10.699 r  vga_sync/num_i_i_283/O
                         net (fo=2, routed)           0.664    11.363    vga_sync/num_i_i_283_n_0
    SLICE_X52Y82         LUT4 (Prop_lut4_I0_O)        0.124    11.487 r  vga_sync/num_i_i_287/O
                         net (fo=1, routed)           0.000    11.487    vga_sync/num_i_i_287_n_0
    SLICE_X52Y82         CARRY4 (Prop_carry4_S[1]_CO[3])
                                                      0.533    12.020 r  vga_sync/num_i_i_186/CO[3]
                         net (fo=1, routed)           0.000    12.020    vga_sync/num_i_i_186_n_0
    SLICE_X52Y83         CARRY4 (Prop_carry4_CI_CO[3])
                                                      0.117    12.137 r  vga_sync/num_i_i_90/CO[3]
                         net (fo=1, routed)           0.000    12.137    vga_sync/num_i_i_90_n_0
    SLICE_X52Y84         CARRY4 (Prop_carry4_CI_O[3])
                                                      0.315    12.452 r  vga_sync/num_i_i_173/O[3]
                         net (fo=12, routed)          0.632    13.084    img_num/num_i_i_92_0[3]
    SLICE_X53Y85         LUT3 (Prop_lut3_I0_O)        0.307    13.391 r  img_num/num_i_i_390/O
                         net (fo=1, routed)           0.672    14.063    img_num/num_i_i_390_n_0
    SLICE_X51Y85         CARRY4 (Prop_carry4_DI[3]_CO[3])
                                                      0.385    14.448 r  img_num/num_i_i_301/CO[3]
                         net (fo=1, routed)           0.000    14.448    img_num/num_i_i_301_n_0
    SLICE_X51Y86         CARRY4 (Prop_carry4_CI_O[1])
                                                      0.334    14.782 r  img_num/num_i_i_196/O[1]
                         net (fo=3, routed)           0.683    15.465    vga_sync/num_i_i_93_0[1]
    SLICE_X50Y86         LUT4 (Prop_lut4_I2_O)        0.303    15.768 r  vga_sync/num_i_i_206/O
                         net (fo=1, routed)           0.000    15.768    vga_sync/num_i_i_206_n_0
    SLICE_X50Y86         CARRY4 (Prop_carry4_S[0]_CO[3])
                                                      0.513    16.281 r  vga_sync/num_i_i_93/CO[3]
                         net (fo=4, routed)           0.649    16.929    vga_sync/num_i_i_93_n_0
    SLICE_X50Y87         LUT3 (Prop_lut3_I2_O)        0.124    17.053 r  vga_sync/num_i_i_265/O
                         net (fo=3, routed)           0.307    17.361    vga_sync/num_i_i_265_n_0
    SLICE_X53Y87         LUT5 (Prop_lut5_I2_O)        0.124    17.485 r  vga_sync/num_i_i_171/O
                         net (fo=4, routed)           0.554    18.039    vga_sync/img_num/_bits_bit_T_50[3]
    SLICE_X52Y87         LUT6 (Prop_lut6_I5_O)        0.124    18.163 r  vga_sync/num_i_i_172/O
                         net (fo=3, routed)           0.683    18.846    vga_sync/num_i_i_172_n_0
    SLICE_X52Y87         LUT6 (Prop_lut6_I4_O)        0.124    18.970 r  vga_sync/num_i_i_83/O
                         net (fo=3, routed)           0.605    19.575    vga_sync/num_i_i_83_n_0
    SLICE_X49Y87         LUT6 (Prop_lut6_I5_O)        0.124    19.699 r  vga_sync/num_i_i_47/O
                         net (fo=1, routed)           0.000    19.699    img_num/S[1]
    SLICE_X49Y87         CARRY4 (Prop_carry4_S[2]_CO[3])
                                                      0.398    20.097 r  img_num/num_i_i_25/CO[3]
                         net (fo=1, routed)           0.000    20.097    img_num/num_i_i_25_n_0
    SLICE_X49Y88         CARRY4 (Prop_carry4_CI_O[0])
                                                      0.222    20.319 r  img_num/num_i_i_19/O[0]
                         net (fo=1, routed)           0.298    20.617    img_num/addra4[7]
    SLICE_X49Y90         LUT5 (Prop_lut5_I3_O)        0.299    20.916 r  img_num/num_i_i_5/O
                         net (fo=2, routed)           0.599    21.515    img_num/num_i/U0/inst_blk_mem_gen/gnbram.gnativebmg.native_blk_mem_gen/valid.cstr/ramloop[0].ram.r/prim_init.ram/addra[7]
    RAMB18_X1Y34         RAMB18E1                                     r  img_num/num_i/U0/inst_blk_mem_gen/gnbram.gnativebmg.native_blk_mem_gen/valid.cstr/ramloop[0].ram.r/prim_init.ram/DEVICE_7SERIES.NO_BMM_INFO.SP.SIMPLE_PRIM18.ram/ADDRARDADDR[9]
  -------------------------------------------------------------------    -------------------

                         (clock sys_clk_pin rise edge)
                                                     10.000    10.000 r  
    W5                                                0.000    10.000 r  clock (IN)
                         net (fo=0)                   0.000    10.000    clock
    W5                   IBUF (Prop_ibuf_I_O)         1.388    11.388 r  clock_IBUF_inst/O
                         net (fo=1, routed)           1.862    13.250    clock_IBUF
    BUFGCTRL_X0Y0        BUFG (Prop_bufg_I_O)         0.091    13.341 r  clock_IBUF_BUFG_inst/O
                         net (fo=338, routed)         1.475    14.816    img_num/num_i/U0/inst_blk_mem_gen/gnbram.gnativebmg.native_blk_mem_gen/valid.cstr/ramloop[0].ram.r/prim_init.ram/clka
    RAMB18_X1Y34         RAMB18E1                                     r  img_num/num_i/U0/inst_blk_mem_gen/gnbram.gnativebmg.native_blk_mem_gen/valid.cstr/ramloop[0].ram.r/prim_init.ram/DEVICE_7SERIES.NO_BMM_INFO.SP.SIMPLE_PRIM18.ram/CLKARDCLK
                         clock pessimism              0.272    15.088    
                         clock uncertainty           -0.035    15.053    
    RAMB18_X1Y34         RAMB18E1 (Setup_ramb18e1_CLKARDCLK_ADDRARDADDR[9])
                                                     -0.566    14.487    img_num/num_i/U0/inst_blk_mem_gen/gnbram.gnativebmg.native_blk_mem_gen/valid.cstr/ramloop[0].ram.r/prim_init.ram/DEVICE_7SERIES.NO_BMM_INFO.SP.SIMPLE_PRIM18.ram
  -------------------------------------------------------------------
                         required time                         14.487    
                         arrival time                         -21.515    
  -------------------------------------------------------------------
                         slack                                 -7.028    

Slack (VIOLATED) :        -7.024ns  (required time - arrival time)
  Source:                 num_buy_reg[0]/C
                            (rising edge-triggered cell FDRE clocked by sys_clk_pin  {rise@0.000ns fall@5.000ns period=10.000ns})
  Destination:            img_num/num_i/U0/inst_blk_mem_gen/gnbram.gnativebmg.native_blk_mem_gen/valid.cstr/ramloop[1].ram.r/prim_init.ram/DEVICE_7SERIES.NO_BMM_INFO.SP.SIMPLE_PRIM36.ram/ADDRARDADDR[10]
                            (rising edge-triggered cell RAMB36E1 clocked by sys_clk_pin  {rise@0.000ns fall@5.000ns period=10.000ns})
  Path Group:             sys_clk_pin
  Path Type:              Setup (Max at Slow Process Corner)
  Requirement:            10.000ns  (sys_clk_pin rise@10.000ns - sys_clk_pin rise@0.000ns)
  Data Path Delay:        16.443ns  (logic 6.669ns (40.559%)  route 9.774ns (59.441%))
  Logic Levels:           25  (CARRY4=10 LUT3=4 LUT4=3 LUT5=5 LUT6=3)
  Clock Path Skew:        0.020ns (DCD - SCD + CPR)
    Destination Clock Delay (DCD):    4.818ns = ( 14.818 - 10.000 ) 
    Source Clock Delay      (SCD):    5.070ns
    Clock Pessimism Removal (CPR):    0.272ns
  Clock Uncertainty:      0.035ns  ((TSJ^2 + TIJ^2)^1/2 + DJ) / 2 + PE
    Total System Jitter     (TSJ):    0.071ns
    Total Input Jitter      (TIJ):    0.000ns
    Discrete Jitter          (DJ):    0.000ns
    Phase Error              (PE):    0.000ns

    Location             Delay type                Incr(ns)  Path(ns)    Netlist Resource(s)
  -------------------------------------------------------------------    -------------------
                         (clock sys_clk_pin rise edge)
                                                      0.000     0.000 r  
    W5                                                0.000     0.000 r  clock (IN)
                         net (fo=0)                   0.000     0.000    clock
    W5                   IBUF (Prop_ibuf_I_O)         1.458     1.458 r  clock_IBUF_inst/O
                         net (fo=1, routed)           1.967     3.425    clock_IBUF
    BUFGCTRL_X0Y0        BUFG (Prop_bufg_I_O)         0.096     3.521 r  clock_IBUF_BUFG_inst/O
                         net (fo=338, routed)         1.549     5.070    clock_IBUF_BUFG
    SLICE_X49Y82         FDRE                                         r  num_buy_reg[0]/C
  -------------------------------------------------------------------    -------------------
    SLICE_X49Y82         FDRE (Prop_fdre_C_Q)         0.456     5.526 r  num_buy_reg[0]/Q
                         net (fo=34, routed)          0.866     6.392    img_num/num_buy[0]
    SLICE_X49Y83         LUT3 (Prop_lut3_I1_O)        0.154     6.546 r  img_num/num_total[7]_i_16/O
                         net (fo=4, routed)           0.669     7.214    img_num/num_total[7]_i_16_n_0
    SLICE_X50Y81         LUT4 (Prop_lut4_I0_O)        0.327     7.541 r  img_num/num_total[7]_i_19/O
                         net (fo=1, routed)           0.000     7.541    img_num/num_total[7]_i_19_n_0
    SLICE_X50Y81         CARRY4 (Prop_carry4_S[3]_CO[3])
                                                      0.376     7.917 r  img_num/num_total_reg[7]_i_11/CO[3]
                         net (fo=1, routed)           0.000     7.917    img_num/num_total_reg[7]_i_11_n_0
    SLICE_X50Y82         CARRY4 (Prop_carry4_CI_O[0])
                                                      0.219     8.136 f  img_num/num_total_reg[11]_i_11/O[0]
                         net (fo=4, routed)           0.314     8.450    img_num/p_0_in__0[4]
    SLICE_X51Y84         LUT5 (Prop_lut5_I0_O)        0.295     8.745 r  img_num/num_i_i_356/O
                         net (fo=1, routed)           0.446     9.191    vga_sync/num_i_i_191_1
    SLICE_X53Y81         LUT5 (Prop_lut5_I4_O)        0.124     9.315 f  vga_sync/num_i_i_256/O
                         net (fo=26, routed)          0.691    10.007    vga_sync/num_i_i_256_n_0
    SLICE_X53Y80         LUT3 (Prop_lut3_I0_O)        0.124    10.131 r  vga_sync/num_i_i_386/O
                         net (fo=2, routed)           0.445    10.575    vga_sync/num_i_i_386_n_0
    SLICE_X53Y82         LUT5 (Prop_lut5_I4_O)        0.124    10.699 r  vga_sync/num_i_i_283/O
                         net (fo=2, routed)           0.664    11.363    vga_sync/num_i_i_283_n_0
    SLICE_X52Y82         LUT4 (Prop_lut4_I0_O)        0.124    11.487 r  vga_sync/num_i_i_287/O
                         net (fo=1, routed)           0.000    11.487    vga_sync/num_i_i_287_n_0
    SLICE_X52Y82         CARRY4 (Prop_carry4_S[1]_CO[3])
                                                      0.533    12.020 r  vga_sync/num_i_i_186/CO[3]
                         net (fo=1, routed)           0.000    12.020    vga_sync/num_i_i_186_n_0
    SLICE_X52Y83         CARRY4 (Prop_carry4_CI_CO[3])
                                                      0.117    12.137 r  vga_sync/num_i_i_90/CO[3]
                         net (fo=1, routed)           0.000    12.137    vga_sync/num_i_i_90_n_0
    SLICE_X52Y84         CARRY4 (Prop_carry4_CI_O[3])
                                                      0.315    12.452 r  vga_sync/num_i_i_173/O[3]
                         net (fo=12, routed)          0.632    13.084    img_num/num_i_i_92_0[3]
    SLICE_X53Y85         LUT3 (Prop_lut3_I0_O)        0.307    13.391 r  img_num/num_i_i_390/O
                         net (fo=1, routed)           0.672    14.063    img_num/num_i_i_390_n_0
    SLICE_X51Y85         CARRY4 (Prop_carry4_DI[3]_CO[3])
                                                      0.385    14.448 r  img_num/num_i_i_301/CO[3]
                         net (fo=1, routed)           0.000    14.448    img_num/num_i_i_301_n_0
    SLICE_X51Y86         CARRY4 (Prop_carry4_CI_O[1])
                                                      0.334    14.782 r  img_num/num_i_i_196/O[1]
                         net (fo=3, routed)           0.683    15.465    vga_sync/num_i_i_93_0[1]
    SLICE_X50Y86         LUT4 (Prop_lut4_I2_O)        0.303    15.768 r  vga_sync/num_i_i_206/O
                         net (fo=1, routed)           0.000    15.768    vga_sync/num_i_i_206_n_0
    SLICE_X50Y86         CARRY4 (Prop_carry4_S[0]_CO[3])
                                                      0.513    16.281 r  vga_sync/num_i_i_93/CO[3]
                         net (fo=4, routed)           0.649    16.929    vga_sync/num_i_i_93_n_0
    SLICE_X50Y87         LUT3 (Prop_lut3_I2_O)        0.124    17.053 r  vga_sync/num_i_i_265/O
                         net (fo=3, routed)           0.307    17.361    vga_sync/num_i_i_265_n_0
    SLICE_X53Y87         LUT5 (Prop_lut5_I2_O)        0.124    17.485 r  vga_sync/num_i_i_171/O
                         net (fo=4, routed)           0.554    18.039    vga_sync/img_num/_bits_bit_T_50[3]
    SLICE_X52Y87         LUT6 (Prop_lut6_I5_O)        0.124    18.163 r  vga_sync/num_i_i_172/O
                         net (fo=3, routed)           0.683    18.846    vga_sync/num_i_i_172_n_0
    SLICE_X52Y87         LUT6 (Prop_lut6_I4_O)        0.124    18.970 r  vga_sync/num_i_i_83/O
                         net (fo=3, routed)           0.605    19.575    vga_sync/num_i_i_83_n_0
    SLICE_X49Y87         LUT6 (Prop_lut6_I5_O)        0.124    19.699 r  vga_sync/num_i_i_47/O
                         net (fo=1, routed)           0.000    19.699    img_num/S[1]
    SLICE_X49Y87         CARRY4 (Prop_carry4_S[2]_CO[3])
                                                      0.398    20.097 r  img_num/num_i_i_25/CO[3]
                         net (fo=1, routed)           0.000    20.097    img_num/num_i_i_25_n_0
    SLICE_X49Y88         CARRY4 (Prop_carry4_CI_O[0])
                                                      0.222    20.319 r  img_num/num_i_i_19/O[0]
                         net (fo=1, routed)           0.298    20.617    img_num/addra4[7]
    SLICE_X49Y90         LUT5 (Prop_lut5_I3_O)        0.299    20.916 r  img_num/num_i_i_5/O
                         net (fo=2, routed)           0.597    21.513    img_num/num_i/U0/inst_blk_mem_gen/gnbram.gnativebmg.native_blk_mem_gen/valid.cstr/ramloop[1].ram.r/prim_init.ram/addra[7]
    RAMB36_X1Y18         RAMB36E1                                     r  img_num/num_i/U0/inst_blk_mem_gen/gnbram.gnativebmg.native_blk_mem_gen/valid.cstr/ramloop[1].ram.r/prim_init.ram/DEVICE_7SERIES.NO_BMM_INFO.SP.SIMPLE_PRIM36.ram/ADDRARDADDR[10]
  -------------------------------------------------------------------    -------------------

                         (clock sys_clk_pin rise edge)
                                                     10.000    10.000 r  
    W5                                                0.000    10.000 r  clock (IN)
                         net (fo=0)                   0.000    10.000    clock
    W5                   IBUF (Prop_ibuf_I_O)         1.388    11.388 r  clock_IBUF_inst/O
                         net (fo=1, routed)           1.862    13.250    clock_IBUF
    BUFGCTRL_X0Y0        BUFG (Prop_bufg_I_O)         0.091    13.341 r  clock_IBUF_BUFG_inst/O
                         net (fo=338, routed)         1.477    14.818    img_num/num_i/U0/inst_blk_mem_gen/gnbram.gnativebmg.native_blk_mem_gen/valid.cstr/ramloop[1].ram.r/prim_init.ram/clka
    RAMB36_X1Y18         RAMB36E1                                     r  img_num/num_i/U0/inst_blk_mem_gen/gnbram.gnativebmg.native_blk_mem_gen/valid.cstr/ramloop[1].ram.r/prim_init.ram/DEVICE_7SERIES.NO_BMM_INFO.SP.SIMPLE_PRIM36.ram/CLKARDCLK
                         clock pessimism              0.272    15.090    
                         clock uncertainty           -0.035    15.055    
    RAMB36_X1Y18         RAMB36E1 (Setup_ramb36e1_CLKARDCLK_ADDRARDADDR[10])
                                                     -0.566    14.489    img_num/num_i/U0/inst_blk_mem_gen/gnbram.gnativebmg.native_blk_mem_gen/valid.cstr/ramloop[1].ram.r/prim_init.ram/DEVICE_7SERIES.NO_BMM_INFO.SP.SIMPLE_PRIM36.ram
  -------------------------------------------------------------------
                         required time                         14.489    
                         arrival time                         -21.513    
  -------------------------------------------------------------------
                         slack                                 -7.024    





Min Delay Paths
--------------------------------------------------------------------------------------
Slack (MET) :             0.044ns  (arrival time - required time)
  Source:                 img_pointer/mouse_pointer/ps2mouse/U2/D1_reg[0]/C
                            (rising edge-triggered cell FDCE clocked by sys_clk_pin  {rise@0.000ns fall@5.000ns period=10.000ns})
  Destination:            img_pointer/mouse_pointer/ps2mouse/mouse_data_reg[0]/D
                            (rising edge-triggered cell FDCE clocked by sys_clk_pin  {rise@0.000ns fall@5.000ns period=10.000ns})
  Path Group:             sys_clk_pin
  Path Type:              Hold (Min at Fast Process Corner)
  Requirement:            0.000ns  (sys_clk_pin rise@0.000ns - sys_clk_pin rise@0.000ns)
  Data Path Delay:        0.378ns  (logic 0.141ns (37.331%)  route 0.237ns (62.669%))
  Logic Levels:           0  
  Clock Path Skew:        0.264ns (DCD - SCD - CPR)
    Destination Clock Delay (DCD):    1.956ns
    Source Clock Delay      (SCD):    1.443ns
    Clock Pessimism Removal (CPR):    0.249ns

    Location             Delay type                Incr(ns)  Path(ns)    Netlist Resource(s)
  -------------------------------------------------------------------    -------------------
                         (clock sys_clk_pin rise edge)
                                                      0.000     0.000 r  
    W5                                                0.000     0.000 r  clock (IN)
                         net (fo=0)                   0.000     0.000    clock
    W5                   IBUF (Prop_ibuf_I_O)         0.226     0.226 r  clock_IBUF_inst/O
                         net (fo=1, routed)           0.631     0.858    clock_IBUF
    BUFGCTRL_X0Y0        BUFG (Prop_bufg_I_O)         0.026     0.884 r  clock_IBUF_BUFG_inst/O
                         net (fo=338, routed)         0.560     1.443    img_pointer/mouse_pointer/ps2mouse/U2/clock_IBUF_BUFG
    SLICE_X32Y92         FDCE                                         r  img_pointer/mouse_pointer/ps2mouse/U2/D1_reg[0]/C
  -------------------------------------------------------------------    -------------------
    SLICE_X32Y92         FDCE (Prop_fdce_C_Q)         0.141     1.584 r  img_pointer/mouse_pointer/ps2mouse/U2/D1_reg[0]/Q
                         net (fo=2, routed)           0.237     1.821    img_pointer/mouse_pointer/ps2mouse/D1[0]
    SLICE_X37Y90         FDCE                                         r  img_pointer/mouse_pointer/ps2mouse/mouse_data_reg[0]/D
  -------------------------------------------------------------------    -------------------

                         (clock sys_clk_pin rise edge)
                                                      0.000     0.000 r  
    W5                                                0.000     0.000 r  clock (IN)
                         net (fo=0)                   0.000     0.000    clock
    W5                   IBUF (Prop_ibuf_I_O)         0.414     0.414 r  clock_IBUF_inst/O
                         net (fo=1, routed)           0.685     1.099    clock_IBUF
    BUFGCTRL_X0Y0        BUFG (Prop_bufg_I_O)         0.029     1.128 r  clock_IBUF_BUFG_inst/O
                         net (fo=338, routed)         0.828     1.956    img_pointer/mouse_pointer/ps2mouse/clock_IBUF_BUFG
    SLICE_X37Y90         FDCE                                         r  img_pointer/mouse_pointer/ps2mouse/mouse_data_reg[0]/C
                         clock pessimism             -0.249     1.707    
    SLICE_X37Y90         FDCE (Hold_fdce_C_D)         0.070     1.777    img_pointer/mouse_pointer/ps2mouse/mouse_data_reg[0]
  -------------------------------------------------------------------
                         required time                         -1.777    
                         arrival time                           1.821    
  -------------------------------------------------------------------
                         slack                                  0.044    

Slack (MET) :             0.050ns  (arrival time - required time)
  Source:                 tar3_blink_2_state_REG_2_reg/C
                            (rising edge-triggered cell FDRE clocked by sys_clk_pin  {rise@0.000ns fall@5.000ns period=10.000ns})
  Destination:            tar3_blink_2_state_reg/D
                            (rising edge-triggered cell FDRE clocked by sys_clk_pin  {rise@0.000ns fall@5.000ns period=10.000ns})
  Path Group:             sys_clk_pin
  Path Type:              Hold (Min at Fast Process Corner)
  Requirement:            0.000ns  (sys_clk_pin rise@0.000ns - sys_clk_pin rise@0.000ns)
  Data Path Delay:        0.404ns  (logic 0.227ns (56.201%)  route 0.177ns (43.799%))
  Logic Levels:           1  (LUT4=1)
  Clock Path Skew:        0.262ns (DCD - SCD - CPR)
    Destination Clock Delay (DCD):    1.951ns
    Source Clock Delay      (SCD):    1.440ns
    Clock Pessimism Removal (CPR):    0.249ns

    Location             Delay type                Incr(ns)  Path(ns)    Netlist Resource(s)
  -------------------------------------------------------------------    -------------------
                         (clock sys_clk_pin rise edge)
                                                      0.000     0.000 r  
    W5                                                0.000     0.000 r  clock (IN)
                         net (fo=0)                   0.000     0.000    clock
    W5                   IBUF (Prop_ibuf_I_O)         0.226     0.226 r  clock_IBUF_inst/O
                         net (fo=1, routed)           0.631     0.858    clock_IBUF
    BUFGCTRL_X0Y0        BUFG (Prop_bufg_I_O)         0.026     0.884 r  clock_IBUF_BUFG_inst/O
                         net (fo=338, routed)         0.557     1.440    clock_IBUF_BUFG
    SLICE_X36Y84         FDRE                                         r  tar3_blink_2_state_REG_2_reg/C
  -------------------------------------------------------------------    -------------------
    SLICE_X36Y84         FDRE (Prop_fdre_C_Q)         0.128     1.568 r  tar3_blink_2_state_REG_2_reg/Q
                         net (fo=1, routed)           0.177     1.745    img_pointer/mouse_pointer/tar3_blink_2_state_REG_2
    SLICE_X32Y84         LUT4 (Prop_lut4_I0_O)        0.099     1.844 r  img_pointer/mouse_pointer/tar3_blink_2_state_i_1/O
                         net (fo=1, routed)           0.000     1.844    img_pointer_n_39
    SLICE_X32Y84         FDRE                                         r  tar3_blink_2_state_reg/D
  -------------------------------------------------------------------    -------------------

                         (clock sys_clk_pin rise edge)
                                                      0.000     0.000 r  
    W5                                                0.000     0.000 r  clock (IN)
                         net (fo=0)                   0.000     0.000    clock
    W5                   IBUF (Prop_ibuf_I_O)         0.414     0.414 r  clock_IBUF_inst/O
                         net (fo=1, routed)           0.685     1.099    clock_IBUF
    BUFGCTRL_X0Y0        BUFG (Prop_bufg_I_O)         0.029     1.128 r  clock_IBUF_BUFG_inst/O
                         net (fo=338, routed)         0.823     1.951    clock_IBUF_BUFG
    SLICE_X32Y84         FDRE                                         r  tar3_blink_2_state_reg/C
                         clock pessimism             -0.249     1.702    
    SLICE_X32Y84         FDRE (Hold_fdre_C_D)         0.092     1.794    tar3_blink_2_state_reg
  -------------------------------------------------------------------
                         required time                         -1.794    
                         arrival time                           1.844    
  -------------------------------------------------------------------
                         slack                                  0.050    

Slack (MET) :             0.103ns  (arrival time - required time)
  Source:                 img_pointer/mouse_pointer/ps2mouse/U2/T_reg[5]/C
                            (rising edge-triggered cell FDCE clocked by sys_clk_pin  {rise@0.000ns fall@5.000ns period=10.000ns})
  Destination:            img_pointer/mouse_pointer/ps2mouse/U2/D1_reg[21]/D
                            (rising edge-triggered cell FDCE clocked by sys_clk_pin  {rise@0.000ns fall@5.000ns period=10.000ns})
  Path Group:             sys_clk_pin
  Path Type:              Hold (Min at Fast Process Corner)
  Requirement:            0.000ns  (sys_clk_pin rise@0.000ns - sys_clk_pin rise@0.000ns)
  Data Path Delay:        0.379ns  (logic 0.128ns (33.814%)  route 0.251ns (66.186%))
  Logic Levels:           0  
  Clock Path Skew:        0.264ns (DCD - SCD - CPR)
    Destination Clock Delay (DCD):    1.956ns
    Source Clock Delay      (SCD):    1.443ns
    Clock Pessimism Removal (CPR):    0.249ns

    Location             Delay type                Incr(ns)  Path(ns)    Netlist Resource(s)
  -------------------------------------------------------------------    -------------------
                         (clock sys_clk_pin rise edge)
                                                      0.000     0.000 r  
    W5                                                0.000     0.000 r  clock (IN)
                         net (fo=0)                   0.000     0.000    clock
    W5                   IBUF (Prop_ibuf_I_O)         0.226     0.226 r  clock_IBUF_inst/O
                         net (fo=1, routed)           0.631     0.858    clock_IBUF
    BUFGCTRL_X0Y0        BUFG (Prop_bufg_I_O)         0.026     0.884 r  clock_IBUF_BUFG_inst/O
                         net (fo=338, routed)         0.560     1.443    img_pointer/mouse_pointer/ps2mouse/U2/clock_IBUF_BUFG
    SLICE_X33Y92         FDCE                                         r  img_pointer/mouse_pointer/ps2mouse/U2/T_reg[5]/C
  -------------------------------------------------------------------    -------------------
    SLICE_X33Y92         FDCE (Prop_fdce_C_Q)         0.128     1.571 r  img_pointer/mouse_pointer/ps2mouse/U2/T_reg[5]/Q
                         net (fo=3, routed)           0.251     1.822    img_pointer/mouse_pointer/ps2mouse/U2/T_reg_n_0_[5]
    SLICE_X36Y91         FDCE                                         r  img_pointer/mouse_pointer/ps2mouse/U2/D1_reg[21]/D
  -------------------------------------------------------------------    -------------------

                         (clock sys_clk_pin rise edge)
                                                      0.000     0.000 r  
    W5                                                0.000     0.000 r  clock (IN)
                         net (fo=0)                   0.000     0.000    clock
    W5                   IBUF (Prop_ibuf_I_O)         0.414     0.414 r  clock_IBUF_inst/O
                         net (fo=1, routed)           0.685     1.099    clock_IBUF
    BUFGCTRL_X0Y0        BUFG (Prop_bufg_I_O)         0.029     1.128 r  clock_IBUF_BUFG_inst/O
                         net (fo=338, routed)         0.828     1.956    img_pointer/mouse_pointer/ps2mouse/U2/clock_IBUF_BUFG
    SLICE_X36Y91         FDCE                                         r  img_pointer/mouse_pointer/ps2mouse/U2/D1_reg[21]/C
                         clock pessimism             -0.249     1.707    
    SLICE_X36Y91         FDCE (Hold_fdce_C_D)         0.012     1.719    img_pointer/mouse_pointer/ps2mouse/U2/D1_reg[21]
  -------------------------------------------------------------------
                         required time                         -1.719    
                         arrival time                           1.822    
  -------------------------------------------------------------------
                         slack                                  0.103    

Slack (MET) :             0.109ns  (arrival time - required time)
  Source:                 img_pointer/mouse_pointer/ps2mouse/U2/T_reg[7]/C
                            (rising edge-triggered cell FDCE clocked by sys_clk_pin  {rise@0.000ns fall@5.000ns period=10.000ns})
  Destination:            img_pointer/mouse_pointer/ps2mouse/U2/D1_reg[15]/D
                            (rising edge-triggered cell FDCE clocked by sys_clk_pin  {rise@0.000ns fall@5.000ns period=10.000ns})
  Path Group:             sys_clk_pin
  Path Type:              Hold (Min at Fast Process Corner)
  Requirement:            0.000ns  (sys_clk_pin rise@0.000ns - sys_clk_pin rise@0.000ns)
  Data Path Delay:        0.390ns  (logic 0.128ns (32.847%)  route 0.262ns (67.153%))
  Logic Levels:           0  
  Clock Path Skew:        0.264ns (DCD - SCD - CPR)
    Destination Clock Delay (DCD):    1.956ns
    Source Clock Delay      (SCD):    1.443ns
    Clock Pessimism Removal (CPR):    0.249ns

    Location             Delay type                Incr(ns)  Path(ns)    Netlist Resource(s)
  -------------------------------------------------------------------    -------------------
                         (clock sys_clk_pin rise edge)
                                                      0.000     0.000 r  
    W5                                                0.000     0.000 r  clock (IN)
                         net (fo=0)                   0.000     0.000    clock
    W5                   IBUF (Prop_ibuf_I_O)         0.226     0.226 r  clock_IBUF_inst/O
                         net (fo=1, routed)           0.631     0.858    clock_IBUF
    BUFGCTRL_X0Y0        BUFG (Prop_bufg_I_O)         0.026     0.884 r  clock_IBUF_BUFG_inst/O
                         net (fo=338, routed)         0.560     1.443    img_pointer/mouse_pointer/ps2mouse/U2/clock_IBUF_BUFG
    SLICE_X33Y92         FDCE                                         r  img_pointer/mouse_pointer/ps2mouse/U2/T_reg[7]/C
  -------------------------------------------------------------------    -------------------
    SLICE_X33Y92         FDCE (Prop_fdce_C_Q)         0.128     1.571 r  img_pointer/mouse_pointer/ps2mouse/U2/T_reg[7]/Q
                         net (fo=3, routed)           0.262     1.833    img_pointer/mouse_pointer/ps2mouse/U2/T_reg_n_0_[7]
    SLICE_X36Y90         FDCE                                         r  img_pointer/mouse_pointer/ps2mouse/U2/D1_reg[15]/D
  -------------------------------------------------------------------    -------------------

                         (clock sys_clk_pin rise edge)
                                                      0.000     0.000 r  
    W5                                                0.000     0.000 r  clock (IN)
                         net (fo=0)                   0.000     0.000    clock
    W5                   IBUF (Prop_ibuf_I_O)         0.414     0.414 r  clock_IBUF_inst/O
                         net (fo=1, routed)           0.685     1.099    clock_IBUF
    BUFGCTRL_X0Y0        BUFG (Prop_bufg_I_O)         0.029     1.128 r  clock_IBUF_BUFG_inst/O
                         net (fo=338, routed)         0.828     1.956    img_pointer/mouse_pointer/ps2mouse/U2/clock_IBUF_BUFG
    SLICE_X36Y90         FDCE                                         r  img_pointer/mouse_pointer/ps2mouse/U2/D1_reg[15]/C
                         clock pessimism             -0.249     1.707    
    SLICE_X36Y90         FDCE (Hold_fdce_C_D)         0.017     1.724    img_pointer/mouse_pointer/ps2mouse/U2/D1_reg[15]
  -------------------------------------------------------------------
                         required time                         -1.724    
                         arrival time                           1.833    
  -------------------------------------------------------------------
                         slack                                  0.109    

Slack (MET) :             0.135ns  (arrival time - required time)
  Source:                 img_pointer/mouse_pointer/ps2mouse/U2/D1_reg[14]/C
                            (rising edge-triggered cell FDCE clocked by sys_clk_pin  {rise@0.000ns fall@5.000ns period=10.000ns})
  Destination:            img_pointer/mouse_pointer/ps2mouse/mouse_data_reg[14]/D
                            (rising edge-triggered cell FDCE clocked by sys_clk_pin  {rise@0.000ns fall@5.000ns period=10.000ns})
  Path Group:             sys_clk_pin
  Path Type:              Hold (Min at Fast Process Corner)
  Requirement:            0.000ns  (sys_clk_pin rise@0.000ns - sys_clk_pin rise@0.000ns)
  Data Path Delay:        0.489ns  (logic 0.164ns (33.525%)  route 0.325ns (66.475%))
  Logic Levels:           0  
  Clock Path Skew:        0.265ns (DCD - SCD - CPR)
    Destination Clock Delay (DCD):    1.955ns
    Source Clock Delay      (SCD):    1.441ns
    Clock Pessimism Removal (CPR):    0.249ns

    Location             Delay type                Incr(ns)  Path(ns)    Netlist Resource(s)
  -------------------------------------------------------------------    -------------------
                         (clock sys_clk_pin rise edge)
                                                      0.000     0.000 r  
    W5                                                0.000     0.000 r  clock (IN)
                         net (fo=0)                   0.000     0.000    clock
    W5                   IBUF (Prop_ibuf_I_O)         0.226     0.226 r  clock_IBUF_inst/O
                         net (fo=1, routed)           0.631     0.858    clock_IBUF
    BUFGCTRL_X0Y0        BUFG (Prop_bufg_I_O)         0.026     0.884 r  clock_IBUF_BUFG_inst/O
                         net (fo=338, routed)         0.558     1.441    img_pointer/mouse_pointer/ps2mouse/U2/clock_IBUF_BUFG
    SLICE_X34Y88         FDCE                                         r  img_pointer/mouse_pointer/ps2mouse/U2/D1_reg[14]/C
  -------------------------------------------------------------------    -------------------
    SLICE_X34Y88         FDCE (Prop_fdce_C_Q)         0.164     1.605 r  img_pointer/mouse_pointer/ps2mouse/U2/D1_reg[14]/Q
                         net (fo=1, routed)           0.325     1.930    img_pointer/mouse_pointer/ps2mouse/D1[14]
    SLICE_X38Y88         FDCE                                         r  img_pointer/mouse_pointer/ps2mouse/mouse_data_reg[14]/D
  -------------------------------------------------------------------    -------------------

                         (clock sys_clk_pin rise edge)
                                                      0.000     0.000 r  
    W5                                                0.000     0.000 r  clock (IN)
                         net (fo=0)                   0.000     0.000    clock
    W5                   IBUF (Prop_ibuf_I_O)         0.414     0.414 r  clock_IBUF_inst/O
                         net (fo=1, routed)           0.685     1.099    clock_IBUF
    BUFGCTRL_X0Y0        BUFG (Prop_bufg_I_O)         0.029     1.128 r  clock_IBUF_BUFG_inst/O
                         net (fo=338, routed)         0.827     1.955    img_pointer/mouse_pointer/ps2mouse/clock_IBUF_BUFG
    SLICE_X38Y88         FDCE                                         r  img_pointer/mouse_pointer/ps2mouse/mouse_data_reg[14]/C
                         clock pessimism             -0.249     1.706    
    SLICE_X38Y88         FDCE (Hold_fdce_C_D)         0.089     1.795    img_pointer/mouse_pointer/ps2mouse/mouse_data_reg[14]
  -------------------------------------------------------------------
                         required time                         -1.795    
                         arrival time                           1.930    
  -------------------------------------------------------------------
                         slack                                  0.135    

Slack (MET) :             0.147ns  (arrival time - required time)
  Source:                 img_pointer/mouse_pointer/ps2mouse/U2/T_reg[4]/C
                            (rising edge-triggered cell FDCE clocked by sys_clk_pin  {rise@0.000ns fall@5.000ns period=10.000ns})
  Destination:            img_pointer/mouse_pointer/ps2mouse/U2/D1_reg[12]/D
                            (rising edge-triggered cell FDCE clocked by sys_clk_pin  {rise@0.000ns fall@5.000ns period=10.000ns})
  Path Group:             sys_clk_pin
  Path Type:              Hold (Min at Fast Process Corner)
  Requirement:            0.000ns  (sys_clk_pin rise@0.000ns - sys_clk_pin rise@0.000ns)
  Data Path Delay:        0.481ns  (logic 0.141ns (29.310%)  route 0.340ns (70.690%))
  Logic Levels:           0  
  Clock Path Skew:        0.264ns (DCD - SCD - CPR)
    Destination Clock Delay (DCD):    1.956ns
    Source Clock Delay      (SCD):    1.443ns
    Clock Pessimism Removal (CPR):    0.249ns

    Location             Delay type                Incr(ns)  Path(ns)    Netlist Resource(s)
  -------------------------------------------------------------------    -------------------
                         (clock sys_clk_pin rise edge)
                                                      0.000     0.000 r  
    W5                                                0.000     0.000 r  clock (IN)
                         net (fo=0)                   0.000     0.000    clock
    W5                   IBUF (Prop_ibuf_I_O)         0.226     0.226 r  clock_IBUF_inst/O
                         net (fo=1, routed)           0.631     0.858    clock_IBUF
    BUFGCTRL_X0Y0        BUFG (Prop_bufg_I_O)         0.026     0.884 r  clock_IBUF_BUFG_inst/O
                         net (fo=338, routed)         0.560     1.443    img_pointer/mouse_pointer/ps2mouse/U2/clock_IBUF_BUFG
    SLICE_X33Y92         FDCE                                         r  img_pointer/mouse_pointer/ps2mouse/U2/T_reg[4]/C
  -------------------------------------------------------------------    -------------------
    SLICE_X33Y92         FDCE (Prop_fdce_C_Q)         0.141     1.584 r  img_pointer/mouse_pointer/ps2mouse/U2/T_reg[4]/Q
                         net (fo=3, routed)           0.340     1.924    img_pointer/mouse_pointer/ps2mouse/U2/T_reg_n_0_[4]
    SLICE_X36Y90         FDCE                                         r  img_pointer/mouse_pointer/ps2mouse/U2/D1_reg[12]/D
  -------------------------------------------------------------------    -------------------

                         (clock sys_clk_pin rise edge)
                                                      0.000     0.000 r  
    W5                                                0.000     0.000 r  clock (IN)
                         net (fo=0)                   0.000     0.000    clock
    W5                   IBUF (Prop_ibuf_I_O)         0.414     0.414 r  clock_IBUF_inst/O
                         net (fo=1, routed)           0.685     1.099    clock_IBUF
    BUFGCTRL_X0Y0        BUFG (Prop_bufg_I_O)         0.029     1.128 r  clock_IBUF_BUFG_inst/O
                         net (fo=338, routed)         0.828     1.956    img_pointer/mouse_pointer/ps2mouse/U2/clock_IBUF_BUFG
    SLICE_X36Y90         FDCE                                         r  img_pointer/mouse_pointer/ps2mouse/U2/D1_reg[12]/C
                         clock pessimism             -0.249     1.707    
    SLICE_X36Y90         FDCE (Hold_fdce_C_D)         0.070     1.777    img_pointer/mouse_pointer/ps2mouse/U2/D1_reg[12]
  -------------------------------------------------------------------
                         required time                         -1.777    
                         arrival time                           1.924    
  -------------------------------------------------------------------
                         slack                                  0.147    

Slack (MET) :             0.155ns  (arrival time - required time)
  Source:                 img_pointer/mouse_pointer/ps2mouse/U1/T_reg[2]/C
                            (rising edge-triggered cell FDCE clocked by sys_clk_pin  {rise@0.000ns fall@5.000ns period=10.000ns})
  Destination:            img_pointer/mouse_pointer/ps2mouse/U1/i_reg[0]/D
                            (rising edge-triggered cell FDCE clocked by sys_clk_pin  {rise@0.000ns fall@5.000ns period=10.000ns})
  Path Group:             sys_clk_pin
  Path Type:              Hold (Min at Fast Process Corner)
  Requirement:            0.000ns  (sys_clk_pin rise@0.000ns - sys_clk_pin rise@0.000ns)
  Data Path Delay:        0.289ns  (logic 0.186ns (64.293%)  route 0.103ns (35.707%))
  Logic Levels:           1  (LUT6=1)
  Clock Path Skew:        0.013ns (DCD - SCD - CPR)
    Destination Clock Delay (DCD):    2.071ns
    Source Clock Delay      (SCD):    1.554ns
    Clock Pessimism Removal (CPR):    0.504ns

    Location             Delay type                Incr(ns)  Path(ns)    Netlist Resource(s)
  -------------------------------------------------------------------    -------------------
                         (clock sys_clk_pin rise edge)
                                                      0.000     0.000 r  
    W5                                                0.000     0.000 r  clock (IN)
                         net (fo=0)                   0.000     0.000    clock
    W5                   IBUF (Prop_ibuf_I_O)         0.226     0.226 r  clock_IBUF_inst/O
                         net (fo=1, routed)           0.631     0.858    clock_IBUF
    BUFGCTRL_X0Y0        BUFG (Prop_bufg_I_O)         0.026     0.884 r  clock_IBUF_BUFG_inst/O
                         net (fo=338, routed)         0.670     1.554    img_pointer/mouse_pointer/ps2mouse/U1/clock_IBUF_BUFG
    SLICE_X7Y113         FDCE                                         r  img_pointer/mouse_pointer/ps2mouse/U1/T_reg[2]/C
  -------------------------------------------------------------------    -------------------
    SLICE_X7Y113         FDCE (Prop_fdce_C_Q)         0.141     1.695 r  img_pointer/mouse_pointer/ps2mouse/U1/T_reg[2]/Q
                         net (fo=3, routed)           0.103     1.798    img_pointer/mouse_pointer/ps2mouse/U1/T[2]
    SLICE_X6Y113         LUT6 (Prop_lut6_I4_O)        0.045     1.843 r  img_pointer/mouse_pointer/ps2mouse/U1/i[0]_i_1__0/O
                         net (fo=1, routed)           0.000     1.843    img_pointer/mouse_pointer/ps2mouse/U1/i[0]_i_1__0_n_0
    SLICE_X6Y113         FDCE                                         r  img_pointer/mouse_pointer/ps2mouse/U1/i_reg[0]/D
  -------------------------------------------------------------------    -------------------

                         (clock sys_clk_pin rise edge)
                                                      0.000     0.000 r  
    W5                                                0.000     0.000 r  clock (IN)
                         net (fo=0)                   0.000     0.000    clock
    W5                   IBUF (Prop_ibuf_I_O)         0.414     0.414 r  clock_IBUF_inst/O
                         net (fo=1, routed)           0.685     1.099    clock_IBUF
    BUFGCTRL_X0Y0        BUFG (Prop_bufg_I_O)         0.029     1.128 r  clock_IBUF_BUFG_inst/O
                         net (fo=338, routed)         0.943     2.071    img_pointer/mouse_pointer/ps2mouse/U1/clock_IBUF_BUFG
    SLICE_X6Y113         FDCE                                         r  img_pointer/mouse_pointer/ps2mouse/U1/i_reg[0]/C
                         clock pessimism             -0.504     1.567    
    SLICE_X6Y113         FDCE (Hold_fdce_C_D)         0.121     1.688    img_pointer/mouse_pointer/ps2mouse/U1/i_reg[0]
  -------------------------------------------------------------------
                         required time                         -1.688    
                         arrival time                           1.843    
  -------------------------------------------------------------------
                         slack                                  0.155    

Slack (MET) :             0.156ns  (arrival time - required time)
  Source:                 img_pointer/mouse_pointer/ps2mouse/U2/T_reg[5]/C
                            (rising edge-triggered cell FDCE clocked by sys_clk_pin  {rise@0.000ns fall@5.000ns period=10.000ns})
  Destination:            img_pointer/mouse_pointer/ps2mouse/U2/D1_reg[13]/D
                            (rising edge-triggered cell FDCE clocked by sys_clk_pin  {rise@0.000ns fall@5.000ns period=10.000ns})
  Path Group:             sys_clk_pin
  Path Type:              Hold (Min at Fast Process Corner)
  Requirement:            0.000ns  (sys_clk_pin rise@0.000ns - sys_clk_pin rise@0.000ns)
  Data Path Delay:        0.431ns  (logic 0.128ns (29.670%)  route 0.303ns (70.330%))
  Logic Levels:           0  
  Clock Path Skew:        0.264ns (DCD - SCD - CPR)
    Destination Clock Delay (DCD):    1.956ns
    Source Clock Delay      (SCD):    1.443ns
    Clock Pessimism Removal (CPR):    0.249ns

    Location             Delay type                Incr(ns)  Path(ns)    Netlist Resource(s)
  -------------------------------------------------------------------    -------------------
                         (clock sys_clk_pin rise edge)
                                                      0.000     0.000 r  
    W5                                                0.000     0.000 r  clock (IN)
                         net (fo=0)                   0.000     0.000    clock
    W5                   IBUF (Prop_ibuf_I_O)         0.226     0.226 r  clock_IBUF_inst/O
                         net (fo=1, routed)           0.631     0.858    clock_IBUF
    BUFGCTRL_X0Y0        BUFG (Prop_bufg_I_O)         0.026     0.884 r  clock_IBUF_BUFG_inst/O
                         net (fo=338, routed)         0.560     1.443    img_pointer/mouse_pointer/ps2mouse/U2/clock_IBUF_BUFG
    SLICE_X33Y92         FDCE                                         r  img_pointer/mouse_pointer/ps2mouse/U2/T_reg[5]/C
  -------------------------------------------------------------------    -------------------
    SLICE_X33Y92         FDCE (Prop_fdce_C_Q)         0.128     1.571 r  img_pointer/mouse_pointer/ps2mouse/U2/T_reg[5]/Q
                         net (fo=3, routed)           0.303     1.875    img_pointer/mouse_pointer/ps2mouse/U2/T_reg_n_0_[5]
    SLICE_X36Y90         FDCE                                         r  img_pointer/mouse_pointer/ps2mouse/U2/D1_reg[13]/D
  -------------------------------------------------------------------    -------------------

                         (clock sys_clk_pin rise edge)
                                                      0.000     0.000 r  
    W5                                                0.000     0.000 r  clock (IN)
                         net (fo=0)                   0.000     0.000    clock
    W5                   IBUF (Prop_ibuf_I_O)         0.414     0.414 r  clock_IBUF_inst/O
                         net (fo=1, routed)           0.685     1.099    clock_IBUF
    BUFGCTRL_X0Y0        BUFG (Prop_bufg_I_O)         0.029     1.128 r  clock_IBUF_BUFG_inst/O
                         net (fo=338, routed)         0.828     1.956    img_pointer/mouse_pointer/ps2mouse/U2/clock_IBUF_BUFG
    SLICE_X36Y90         FDCE                                         r  img_pointer/mouse_pointer/ps2mouse/U2/D1_reg[13]/C
                         clock pessimism             -0.249     1.707    
    SLICE_X36Y90         FDCE (Hold_fdce_C_D)         0.012     1.719    img_pointer/mouse_pointer/ps2mouse/U2/D1_reg[13]
  -------------------------------------------------------------------
                         required time                         -1.719    
                         arrival time                           1.875    
  -------------------------------------------------------------------
                         slack                                  0.156    

Slack (MET) :             0.171ns  (arrival time - required time)
  Source:                 img_pointer/mouse_pointer/ps2mouse/U2/D1_reg[19]/C
                            (rising edge-triggered cell FDCE clocked by sys_clk_pin  {rise@0.000ns fall@5.000ns period=10.000ns})
  Destination:            img_pointer/mouse_pointer/ps2mouse/mouse_data_reg[19]/D
                            (rising edge-triggered cell FDCE clocked by sys_clk_pin  {rise@0.000ns fall@5.000ns period=10.000ns})
  Path Group:             sys_clk_pin
  Path Type:              Hold (Min at Fast Process Corner)
  Requirement:            0.000ns  (sys_clk_pin rise@0.000ns - sys_clk_pin rise@0.000ns)
  Data Path Delay:        0.259ns  (logic 0.141ns (54.488%)  route 0.118ns (45.512%))
  Logic Levels:           0  
  Clock Path Skew:        0.016ns (DCD - SCD - CPR)
    Destination Clock Delay (DCD):    1.955ns
    Source Clock Delay      (SCD):    1.442ns
    Clock Pessimism Removal (CPR):    0.497ns

    Location             Delay type                Incr(ns)  Path(ns)    Netlist Resource(s)
  -------------------------------------------------------------------    -------------------
                         (clock sys_clk_pin rise edge)
                                                      0.000     0.000 r  
    W5                                                0.000     0.000 r  clock (IN)
                         net (fo=0)                   0.000     0.000    clock
    W5                   IBUF (Prop_ibuf_I_O)         0.226     0.226 r  clock_IBUF_inst/O
                         net (fo=1, routed)           0.631     0.858    clock_IBUF
    BUFGCTRL_X0Y0        BUFG (Prop_bufg_I_O)         0.026     0.884 r  clock_IBUF_BUFG_inst/O
                         net (fo=338, routed)         0.559     1.442    img_pointer/mouse_pointer/ps2mouse/U2/clock_IBUF_BUFG
    SLICE_X32Y89         FDCE                                         r  img_pointer/mouse_pointer/ps2mouse/U2/D1_reg[19]/C
  -------------------------------------------------------------------    -------------------
    SLICE_X32Y89         FDCE (Prop_fdce_C_Q)         0.141     1.583 r  img_pointer/mouse_pointer/ps2mouse/U2/D1_reg[19]/Q
                         net (fo=1, routed)           0.118     1.701    img_pointer/mouse_pointer/ps2mouse/D1[19]
    SLICE_X32Y88         FDCE                                         r  img_pointer/mouse_pointer/ps2mouse/mouse_data_reg[19]/D
  -------------------------------------------------------------------    -------------------

                         (clock sys_clk_pin rise edge)
                                                      0.000     0.000 r  
    W5                                                0.000     0.000 r  clock (IN)
                         net (fo=0)                   0.000     0.000    clock
    W5                   IBUF (Prop_ibuf_I_O)         0.414     0.414 r  clock_IBUF_inst/O
                         net (fo=1, routed)           0.685     1.099    clock_IBUF
    BUFGCTRL_X0Y0        BUFG (Prop_bufg_I_O)         0.029     1.128 r  clock_IBUF_BUFG_inst/O
                         net (fo=338, routed)         0.827     1.955    img_pointer/mouse_pointer/ps2mouse/clock_IBUF_BUFG
    SLICE_X32Y88         FDCE                                         r  img_pointer/mouse_pointer/ps2mouse/mouse_data_reg[19]/C
                         clock pessimism             -0.497     1.458    
    SLICE_X32Y88         FDCE (Hold_fdce_C_D)         0.072     1.530    img_pointer/mouse_pointer/ps2mouse/mouse_data_reg[19]
  -------------------------------------------------------------------
                         required time                         -1.530    
                         arrival time                           1.701    
  -------------------------------------------------------------------
                         slack                                  0.171    

Slack (MET) :             0.173ns  (arrival time - required time)
  Source:                 tar3_blink_1_state_REG_1_reg/C
                            (rising edge-triggered cell FDRE clocked by sys_clk_pin  {rise@0.000ns fall@5.000ns period=10.000ns})
  Destination:            tar3_blink_1_state_reg/D
                            (rising edge-triggered cell FDRE clocked by sys_clk_pin  {rise@0.000ns fall@5.000ns period=10.000ns})
  Path Group:             sys_clk_pin
  Path Type:              Hold (Min at Fast Process Corner)
  Requirement:            0.000ns  (sys_clk_pin rise@0.000ns - sys_clk_pin rise@0.000ns)
  Data Path Delay:        0.525ns  (logic 0.186ns (35.400%)  route 0.339ns (64.600%))
  Logic Levels:           1  (LUT4=1)
  Clock Path Skew:        0.262ns (DCD - SCD - CPR)
    Destination Clock Delay (DCD):    1.951ns
    Source Clock Delay      (SCD):    1.440ns
    Clock Pessimism Removal (CPR):    0.249ns

    Location             Delay type                Incr(ns)  Path(ns)    Netlist Resource(s)
  -------------------------------------------------------------------    -------------------
                         (clock sys_clk_pin rise edge)
                                                      0.000     0.000 r  
    W5                                                0.000     0.000 r  clock (IN)
                         net (fo=0)                   0.000     0.000    clock
    W5                   IBUF (Prop_ibuf_I_O)         0.226     0.226 r  clock_IBUF_inst/O
                         net (fo=1, routed)           0.631     0.858    clock_IBUF
    BUFGCTRL_X0Y0        BUFG (Prop_bufg_I_O)         0.026     0.884 r  clock_IBUF_BUFG_inst/O
                         net (fo=338, routed)         0.557     1.440    clock_IBUF_BUFG
    SLICE_X36Y84         FDRE                                         r  tar3_blink_1_state_REG_1_reg/C
  -------------------------------------------------------------------    -------------------
    SLICE_X36Y84         FDRE (Prop_fdre_C_Q)         0.141     1.581 r  tar3_blink_1_state_REG_1_reg/Q
                         net (fo=1, routed)           0.339     1.921    img_pointer/mouse_pointer/tar3_blink_1_state_REG_1
    SLICE_X32Y84         LUT4 (Prop_lut4_I0_O)        0.045     1.966 r  img_pointer/mouse_pointer/tar3_blink_1_state_i_1/O
                         net (fo=1, routed)           0.000     1.966    img_pointer_n_40
    SLICE_X32Y84         FDRE                                         r  tar3_blink_1_state_reg/D
  -------------------------------------------------------------------    -------------------

                         (clock sys_clk_pin rise edge)
                                                      0.000     0.000 r  
    W5                                                0.000     0.000 r  clock (IN)
                         net (fo=0)                   0.000     0.000    clock
    W5                   IBUF (Prop_ibuf_I_O)         0.414     0.414 r  clock_IBUF_inst/O
                         net (fo=1, routed)           0.685     1.099    clock_IBUF
    BUFGCTRL_X0Y0        BUFG (Prop_bufg_I_O)         0.029     1.128 r  clock_IBUF_BUFG_inst/O
                         net (fo=338, routed)         0.823     1.951    clock_IBUF_BUFG
    SLICE_X32Y84         FDRE                                         r  tar3_blink_1_state_reg/C
                         clock pessimism             -0.249     1.702    
    SLICE_X32Y84         FDRE (Hold_fdre_C_D)         0.091     1.793    tar3_blink_1_state_reg
  -------------------------------------------------------------------
                         required time                         -1.793    
                         arrival time                           1.966    
  -------------------------------------------------------------------
                         slack                                  0.173    





Pulse Width Checks
--------------------------------------------------------------------------------------
Clock Name:         sys_clk_pin
Waveform(ns):       { 0.000 5.000 }
Period(ns):         10.000
Sources:            { clock }

Check Type        Corner  Lib Pin             Reference Pin  Required(ns)  Actual(ns)  Slack(ns)  Location      Pin
Min Period        n/a     RAMB36E1/CLKARDCLK  n/a            2.892         10.000      7.108      RAMB36_X2Y10  img_ui/bram/U0/inst_blk_mem_gen/gnbram.gnativebmg.native_blk_mem_gen/valid.cstr/ramloop[0].ram.r/prim_init.ram/DEVICE_7SERIES.NO_BMM_INFO.SP.CASCADED_PRIM36.ram_B/CLKARDCLK
Min Period        n/a     RAMB36E1/CLKARDCLK  n/a            2.892         10.000      7.108      RAMB36_X2Y13  img_ui/bram/U0/inst_blk_mem_gen/gnbram.gnativebmg.native_blk_mem_gen/valid.cstr/ramloop[3].ram.r/prim_init.ram/DEVICE_7SERIES.NO_BMM_INFO.SP.CASCADED_PRIM36.ram_B/CLKARDCLK
Min Period        n/a     RAMB36E1/CLKARDCLK  n/a            2.892         10.000      7.108      RAMB36_X2Y11  img_ui/bram/U0/inst_blk_mem_gen/gnbram.gnativebmg.native_blk_mem_gen/valid.cstr/ramloop[0].ram.r/prim_init.ram/DEVICE_7SERIES.NO_BMM_INFO.SP.CASCADED_PRIM36.ram_T/CLKARDCLK
Min Period        n/a     RAMB36E1/CLKARDCLK  n/a            2.892         10.000      7.108      RAMB36_X2Y14  img_ui/bram/U0/inst_blk_mem_gen/gnbram.gnativebmg.native_blk_mem_gen/valid.cstr/ramloop[3].ram.r/prim_init.ram/DEVICE_7SERIES.NO_BMM_INFO.SP.CASCADED_PRIM36.ram_T/CLKARDCLK
Min Period        n/a     RAMB36E1/CLKARDCLK  n/a            2.892         10.000      7.108      RAMB36_X1Y14  img_ui/bram/U0/inst_blk_mem_gen/gnbram.gnativebmg.native_blk_mem_gen/valid.cstr/ramloop[5].ram.r/prim_init.ram/DEVICE_7SERIES.NO_BMM_INFO.SP.CASCADED_PRIM36.ram_B/CLKARDCLK
Min Period        n/a     RAMB36E1/CLKARDCLK  n/a            2.892         10.000      7.108      RAMB36_X1Y15  img_ui/bram/U0/inst_blk_mem_gen/gnbram.gnativebmg.native_blk_mem_gen/valid.cstr/ramloop[5].ram.r/prim_init.ram/DEVICE_7SERIES.NO_BMM_INFO.SP.CASCADED_PRIM36.ram_T/CLKARDCLK
Min Period        n/a     RAMB18E1/CLKARDCLK  n/a            2.576         10.000      7.424      RAMB18_X1Y34  img_num/num_i/U0/inst_blk_mem_gen/gnbram.gnativebmg.native_blk_mem_gen/valid.cstr/ramloop[0].ram.r/prim_init.ram/DEVICE_7SERIES.NO_BMM_INFO.SP.SIMPLE_PRIM18.ram/CLKARDCLK
Min Period        n/a     RAMB18E1/CLKBWRCLK  n/a            2.576         10.000      7.424      RAMB18_X1Y34  img_num/num_i/U0/inst_blk_mem_gen/gnbram.gnativebmg.native_blk_mem_gen/valid.cstr/ramloop[0].ram.r/prim_init.ram/DEVICE_7SERIES.NO_BMM_INFO.SP.SIMPLE_PRIM18.ram/CLKBWRCLK
Min Period        n/a     RAMB36E1/CLKARDCLK  n/a            2.576         10.000      7.424      RAMB36_X0Y5   img_ui/bram/U0/inst_blk_mem_gen/gnbram.gnativebmg.native_blk_mem_gen/valid.cstr/ramloop[17].ram.r/prim_init.ram/DEVICE_7SERIES.NO_BMM_INFO.SP.SIMPLE_PRIM36.ram/CLKARDCLK
Min Period        n/a     RAMB36E1/CLKBWRCLK  n/a            2.576         10.000      7.424      RAMB36_X0Y5   img_ui/bram/U0/inst_blk_mem_gen/gnbram.gnativebmg.native_blk_mem_gen/valid.cstr/ramloop[17].ram.r/prim_init.ram/DEVICE_7SERIES.NO_BMM_INFO.SP.SIMPLE_PRIM36.ram/CLKBWRCLK
Low Pulse Width   Slow    FDRE/C              n/a            0.500         5.000       4.500      SLICE_X34Y82  tar3_blink_0_count_reg[4]/C
Low Pulse Width   Slow    FDRE/C              n/a            0.500         5.000       4.500      SLICE_X34Y82  tar3_blink_0_count_reg[5]/C
Low Pulse Width   Slow    FDRE/C              n/a            0.500         5.000       4.500      SLICE_X34Y82  tar3_blink_0_count_reg[6]/C
Low Pulse Width   Slow    FDRE/C              n/a            0.500         5.000       4.500      SLICE_X34Y82  tar3_blink_0_count_reg[7]/C
Low Pulse Width   Slow    FDRE/C              n/a            0.500         5.000       4.500      SLICE_X37Y81  tar3_blink_0_state_REG_reg/C
Low Pulse Width   Slow    FDRE/C              n/a            0.500         5.000       4.500      SLICE_X35Y82  tar3_blink_0_state_reg/C
Low Pulse Width   Slow    FDRE/C              n/a            0.500         5.000       4.500      SLICE_X31Y81  tar3_blink_1_count_reg[0]/C
Low Pulse Width   Slow    FDRE/C              n/a            0.500         5.000       4.500      SLICE_X31Y81  tar3_blink_1_count_reg[1]/C
Low Pulse Width   Slow    FDRE/C              n/a            0.500         5.000       4.500      SLICE_X31Y81  tar3_blink_1_count_reg[2]/C
Low Pulse Width   Slow    FDRE/C              n/a            0.500         5.000       4.500      SLICE_X31Y81  tar3_blink_1_count_reg[3]/C
High Pulse Width  Slow    FDRE/C              n/a            0.500         5.000       4.500      SLICE_X8Y91   img_subui/bram/U0/inst_blk_mem_gen/gnbram.gnativebmg.native_blk_mem_gen/valid.cstr/has_mux_a.A/no_softecc_norm_sel2.has_mem_regs.WITHOUT_ECC_PIPE.ce_pri.sel_pipe_d1_reg[1]/C
High Pulse Width  Slow    FDRE/C              n/a            0.500         5.000       4.500      SLICE_X8Y91   img_subui/bram/U0/inst_blk_mem_gen/gnbram.gnativebmg.native_blk_mem_gen/valid.cstr/has_mux_a.A/no_softecc_norm_sel2.has_mem_regs.WITHOUT_ECC_PIPE.ce_pri.sel_pipe_d1_reg[2]/C
High Pulse Width  Slow    FDRE/C              n/a            0.500         5.000       4.500      SLICE_X8Y91   img_subui/bram/U0/inst_blk_mem_gen/gnbram.gnativebmg.native_blk_mem_gen/valid.cstr/has_mux_a.A/no_softecc_sel_reg.ce_pri.sel_pipe_reg[1]/C
High Pulse Width  Slow    FDRE/C              n/a            0.500         5.000       4.500      SLICE_X8Y91   img_subui/bram/U0/inst_blk_mem_gen/gnbram.gnativebmg.native_blk_mem_gen/valid.cstr/has_mux_a.A/no_softecc_sel_reg.ce_pri.sel_pipe_reg[2]/C
High Pulse Width  Slow    FDRE/C              n/a            0.500         5.000       4.500      SLICE_X48Y80  num_buy_reg[1]/C
High Pulse Width  Slow    FDRE/C              n/a            0.500         5.000       4.500      SLICE_X48Y80  num_buy_reg[2]__0/C
High Pulse Width  Slow    FDRE/C              n/a            0.500         5.000       4.500      SLICE_X48Y80  num_buy_reg[3]__0/C
High Pulse Width  Slow    FDRE/C              n/a            0.500         5.000       4.500      SLICE_X48Y80  num_buy_reg[4]__0/C
High Pulse Width  Slow    FDRE/C              n/a            0.500         5.000       4.500      SLICE_X51Y79  num_total_reg[0]/C
High Pulse Width  Slow    FDRE/C              n/a            0.500         5.000       4.500      SLICE_X51Y79  num_total_reg[12]/C



